Nombre,Direccion,Telefono,Web,Email,Sector,Ubicacion
Viajes Gran Via,"Local, C. Mayor, 68, Centro, 28013 Madrid",+34 917 55 52 23,https://www.viajesgranvia.com/,info@viajesgranvia.com,Agencia de Viajes,Madrid
Viajes Garden,"C. de José Alix Alix, 14, 28830 San Fernando de Henares, Madrid",+34 912 47 82 22,,,Agencia de Viajes,Madrid
EXCURSIONES MADRID - Agencia de Viajes en Madrid - España,"Av. del Marqués de Corbera, 47, bajo izquierdo, Cdad. Lineal, 28017 Madrid",+34 698 95 98 82,https://www.excursionesmadridspain.com/excursiones-viajes/,info@excursionesmadridspain.com,Agencia de Viajes,Madrid
PANGEA The Travel Store,"Calle del Príncipe de Vergara, 26, Salamanca, 28001 Madrid",+34 910 83 79 76,https://www.pangea.es/?utm_source=ficha_madrid&utm_medium=gmb&utm_campaign=home,contacto@pangea.es,Agencia de Viajes,Madrid
Viajes La Mareta,"C. Gutiérrez Canales, 3, San Blas-Canillejas, 28022 Madrid",+34 910 54 90 24,http://www.agenciaviajeslamareta.es/,mareta@viajeslamareta.es,Agencia de Viajes,Madrid
Agencia de Viajes Traveler 360,"Calle del Gral. Ricardos, 69, Carabanchel, 28019 Madrid",+34 622 33 69 79,https://www.traveler360.es/,viajestraveler.360@gmail.com,Agencia de Viajes,Madrid
Vicente Viajes,"C. Alcalá, 414, Cdad. Lineal, 28027 Madrid",+34 612 47 78 10,https://vicenteviajes.com/,reservas@vicenteviajes.com,Agencia de Viajes,Madrid
Huakai,"C. de Gaztambide, 3, Chamberí, 28015 Madrid",+34 633 02 92 87,https://huakai.es/,info@huakai.es,Agencia de Viajes,Madrid
Fly Travel Madrid,"C. de la Montera, 34, piso 2 oficina 2, Centro, 28013 Madrid",+34 915 77 94 86,,,Agencia de Viajes,Madrid
Latintours,"Gran Vía, 49, 3º Derecha, Centro, 28013 Madrid",+34 913 60 46 40,http://www.latintours.com/,online@latintours.com,Agencia de Viajes,Madrid
MADride Travel,"C. de la Montera, 32, 2do, Dcha. Despacho 9, Centro, 28013 Madrid",+34 604 17 67 72,https://www.madride.net/,info@madride.net,Agencia de Viajes,Madrid
AGENCIA DE VIAJES - FSB VIAJES - ARGANZUELA - MADRID,"P.º de Sta. María de la Cabeza, 6, Arganzuela, 28045 Madrid",+34 915 28 78 90,http://www.fsbviajes.com/,cotizaciones@fsbviajes.com,Agencia de Viajes,Madrid
Deviaje - Life&Travel,"Calle de Don Ramón de la Cruz, 17, 1ºIzq, Salamanca, 28001 Madrid",+34 915 77 98 99,http://www.deviaje.com/,info@deviaje.com,Agencia de Viajes,Madrid
Arcadia Viajes Madrid | Agencia de viajes,"Av. de Menéndez Pelayo, 38, Retiro, 28007 Madrid",+34 655 20 45 86,http://www.arcadia-viajes.com/,,Agencia de Viajes,Madrid
Tuvite,"C. de la Abada, 2, 2° Izquierda, oficina 5, Centro, 28013 Madrid",+34 910 81 59 48,https://tuvite.com/,reservas@tuvite.com,Agencia de Viajes,Madrid
Halcón Viajes,"Av. de los Príncipes de España, 45, 28823 Coslada, Madrid",+34 916 74 29 44,https://oficina.halconviajes.com/2828,halconv28@halconviajes.com,Agencia de Viajes,Madrid
Viajes Chelyan: Agencia de viajes de Madrid,"Av. de Monforte de Lemos, 123, Fuencarral-El Pardo, 28029 Madrid",+34 692 15 03 03,https://viajeschelyan.com/,info@viajeschelyan.com,Agencia de Viajes,Madrid
"Quiero Viajes - Ofertas vuelos a Santo Domingo, Perú, Ecuador, Honduras, LATINOAMERICA!","Av. de Oporto, n24, Carabanchel, 28019 Madrid",+34 910 05 90 14,http://quieroviajes.es/,webmaster@quieroviajes.es,Agencia de Viajes,Madrid
Trip Tours Madrid | Free Walking Tours,"Prta del Sol, Centro, 28013 Madrid",+34 674 44 18 18,https://triptoursmadrid.com/,info@triptoursmadrid.com,Agencia de Viajes,Madrid
Spirit Viajes Madrid,"C. del Olvido, 1, Usera, 28026 Madrid",+34 695 54 36 34,http://www.spiritviajes.com/,,Agencia de Viajes,Madrid
Agencia de Viajes Laturné,"Calle de Honduras, 22, 28822 Coslada, Madrid",+34 910 46 04 95,,,Agencia de Viajes,Madrid
Agencia de Viajes Olympia Madrid,"C. Alcalá, 18, 2ª Planta, Centro, 28014 Madrid",+34 915 22 45 01,http://www.viajesolympiamadrid.com/,info@olympiamad.com,Agencia de Viajes,Madrid
ARANTRAVEL | Agencia de viajes Madrid,"C. de Escosura, 11, Chamberí, 28015 Madrid",+34 914 45 33 44,https://agenciadeviajesarantravel.com/,,Agencia de Viajes,Madrid
Viajes Vicálvaro,"C/ de la Condesa de la Vega del Pozo, 21, Vicálvaro, 28032 Madrid",+34 917 76 32 06,https://www.viajesvicalvaro.com/,info@viajesvicalvaro.com,Agencia de Viajes,Madrid
Agencia viajes Vallecas - Agencia Viajes Madrid - Gouwallet,"C/ de Peña Gorbea, 12, Puente de Vallecas, 28053 Madrid",+34 682 44 67 97,https://www.instagram.com/gouwallet,,Agencia de Viajes,Madrid
Viajes Carrefour de Canillejas Las Rosas San Blas Moratalaz Coslada Barajas Ciudad Pegaso Las Musas Las Rejas,"Calle de San Mariano, 5,semiesquina calle Alcalá 572 Viajes Carrefour METRO : Torre Arias. L5 Parking GRATUITO enfrente de la Agencia NOTA: Atendemos a los clientes de Viajes Carrefour Las ROSAS SAN BLAS ( Av. Guadalajara ) en la calle San Mariano 5☎️911152907, C. de San Mariano, 5, San Blas-Canillejas, 28022 Madrid",+34 911 15 29 07,,,Agencia de Viajes,Madrid
IE VIAJES VALLECAS,"C. del Puerto de la Morcuera, 15, Puente de Vallecas, 28018 Madrid",+34 919 47 97 73,https://www.ieviajes.com/,info@ieviajes.es,Agencia de Viajes,Madrid
VIAJES DELICIAS,"C. del Ferrocarril, 14, Arganzuela, 28045 Madrid",+34 915 06 16 22,http://www.viajesdelicias.com/,,Agencia de Viajes,Madrid
Viajes Nicolás,"C. de Francisco Navacerrada, 2, Salamanca, 28028 Madrid",+34 917 25 33 11,http://www.viajesnicolas.com/,viajesnicolas@viajesnicolas.com,Agencia de Viajes,Madrid
Malei Travel Group,"C. de Soria, 1, 28830 San Fernando de Henares, Madrid",+34 603 41 44 73,https://maleitravelgroup.com/,info@maleitravelgroup.com,Agencia de Viajes,Madrid
Viajes El Corte Inglés - Coslada,"Calle de Honduras, 6, 28822 Coslada, Madrid",+34 916 60 16 88,,,Agencia de Viajes,Madrid
Agencia de Viajes a medida CIROTRAVEL,"1º, C. Alcalá, 58, Retiro, 28014 Madrid",+34 910 13 98 71,http://www.cirotravel.com/,info@cirotravel.com,Agencia de Viajes,Madrid
Viajes Ecuador,"C. del Jardín, 21, 28830 San Fernando de Henares, Madrid",+34 914 85 01 29,http://www.viajesecuador.com/,crc.ecuador@viajesecuador.net,Agencia de Viajes,Madrid
Atrapaviajes,"Pl. del Mar Egeo, 11, Local 6, 28821 Barrio del Puerto, Madrid",+34 641 21 09 64,http://www.atrapaviajes.es/,info@atrapaviajes.es,Agencia de Viajes,Madrid
Placer y Viajes - Agencia de viajes,"C. de Alonso Cano, 66, Piso 1 puerta 5, Chamberí, 28003 Madrid",+34 900 877 744,http://www.placeryviajes.es/,info@placeryviajes.com,Agencia de Viajes,Madrid
Flytour Viajes,"C. de la Montera, 24, 3B, Centro, 28013 Madrid",+34 915 26 31 31,https://www.flytourviajes.com/,reservas@flytourviajes.com,Agencia de Viajes,Madrid
Viajes FlightWay,"C. de Benito Pérez Galdós, 23, 28821 Coslada, Madrid",+34 916 71 74 13,,,Agencia de Viajes,Madrid
Viajes Carrefour,"Av. de Pablo Neruda, 91, 97, Puente de Vallecas, 28018 Madrid",+34 917 78 81 03,https://www.viajes.carrefour.es/agencias-viajes/donde-esta/viajes-carrefour-madrid-asamblea-madrid/,,Agencia de Viajes,Madrid
Viajes Beagle Madrid,"CITA PREVIA, Calle de Rodríguez San Pedro, 2, Oficina 505, Chamberí, 28015 Madrid",+34 917 37 40 97,http://www.viajesbeagle.com/,info@viajesbeagle.com,Agencia de Viajes,Madrid
Vuestro Viaje,"28830 San Fernando de Henares, Madrid",+34 613 06 18 36,https://vuestroviaje.com/,,Agencia de Viajes,Madrid
Mundiplus | Agencia de Viajes del Camino de Santiago,"C. de Juan Duque, 42, Arganzuela, 28005 Madrid",+34 912 21 74 85,https://mundiplus.com/,,Agencia de Viajes,Madrid
Viajes Eco S.A.,"C. de Claudio Coello, 125, Salamanca, 28006 Madrid",+34 914 31 35 50,http://www.viajeseco.com/,viajeros@viajeseco.com,Agencia de Viajes,Madrid
WAKHAL LUXURY TRAVEL & EVENTS,"C. Nazario Calonge, 22, 28830 San Fernando de Henares, Madrid",+34 604 96 46 30,http://tiktok.com/@wakhal_travel_y_events,example@example.com,Agencia de Viajes,Madrid
Directia Travel,"Calle Velázquez, 15, 1º Derecha, Salamanca, 28001 Madrid",+34 910 05 96 46,http://www.directiatravel.com/,,Agencia de Viajes,Madrid
Mirariak Viajes (agencia online),"C. de la Fe, 3, Centro, 28012 Madrid",+34 910 22 87 81,http://www.mirariakviajes.com/,info@mirariakviajes.com,Agencia de Viajes,Madrid
Free Tour Madrid | Vive Madrid Tours,"Prta del Sol, Centro, 28013 Madrid",+34 611 48 50 28,https://leafmadrid.com/es/free-tour-madrid/,,Agencia de Viajes,Madrid
Viajes El Corte Ingles S.A.,"Av. de Cantabria, 51, Barajas, 28042 Madrid",+34 913 30 07 45,http://www.viajeselcorteingles.es/agencias-viajes,,Agencia de Viajes,Madrid
Viajes Marine,"913930517-2770, Av. de Canillejas a Vicálvaro, 61, San Blas-Canillejas, 28022 Madrid",+34 913 93 05 17,http://www.viajesmarine.grupoairmet.com/,viajesmarine@grupoairmet.com,Agencia de Viajes,Madrid
Vivencia Andina,"Calle de la Princesa, 29, Moncloa - Aravaca, 28008 Madrid",+34 915 48 71 90,https://vivenciaandina.com/?utm_source=gmb&utm_medium=organic&utm_campaign=google-my-business,va@vivenciaandina.com,Agencia de Viajes,Madrid
Viajes Carrefour,"C. de Chile, 21, Chamartín, 28016 Madrid",+34 910 86 42 45,https://agencias.viajes.carrefour.es/viajes-carrefour-madrid-calle-chile-21/,es_viajes2731@carrefour.com,Agencia de Viajes,Madrid
Planificamos tu Viaje,"Escalera 2, 3º A, C. de Huesca, 26, Tetuán, 28020 Madrid",+34 669 94 18 38,http://www.planificamostuviaje.com/,info@planificamostuviaje.com,Agencia de Viajes,Madrid
Oriente Viajes,"C. Esquilache, 4, Chamberí, 28003 Madrid",+34 914 61 53 74,https://www.orienteviajes.com/,,Agencia de Viajes,Madrid
Nautalia Viajes,"Cl. de Ayala, 90, Salamanca, 28001 Madrid",+34 918 27 48 26,https://agencias.nautaliaviajes.com/madrid-635/,0635@nautaliaviajes.es,Agencia de Viajes,Madrid
Viajes El Corte Inglés - C.C. Callao,"Pl. del Callao, 2, 2ª planta, Centro, 28013 Madrid",+34 915 22 03 93,,,Agencia de Viajes,Madrid
Caribe Tours - Agencia de viajes,"C. Hermanos de Pablo, 10, Cdad. Lineal, 28027 Madrid",+34 914 49 54 36,,,Agencia de Viajes,Madrid
Viajes Transfronteras S.A.,"C. de San Bernardino, 2, Centro, 28015 Madrid",+34 615 64 73 37,http://www.viajestransfronteras.es/,%20info@viajestransfronteras.es,Agencia de Viajes,Madrid
Viajes del Valle,"Lobby del Hotel Senator Barajas, C. del Galeón, 27, Local 14B, Barajas, 28042 Madrid",+34 916 59 40 58,https://viajesdelvalle.com/,,Agencia de Viajes,Madrid
Explora Acción Viajes,"C. de Almadén, 19, Centro, 28014 Madrid",+34 915 91 97 97,http://www.explora-accion.com/,mrsmith@dynamicweb.com,Agencia de Viajes,Madrid
Civitatis Tours & Tickets,"C. de la Montera, 32, Centro, 28013 Madrid",+34 910 78 05 07,https://www.civitatis.com/,,Agencia de Viajes,Madrid
Nautalia Viajes,"C. de Alberto Aguilera, 4, Metro:, Chamberí, 28015 San Bernardo, Madrid",+34 918 28 66 25,https://agencias.nautaliaviajes.com/madrid-646/,0646@nautaliaviajes.es,Agencia de Viajes,Madrid
