Nombre,Direccion,Telefono,Web,Email,Sector,Ubicacion
Agencia de Viajes Laturné,"Calle de Honduras, 22, 28822 Coslada, Madrid",+34 910 46 04 95,,,Agencia de Viajes,Coslada
CONTI COSLADA Viajes by JanaGamo Travel,"Calle de Honduras, 22, 28822 Coslada, Madrid",+34 916 69 28 50,,,Agencia de Viajes,Coslada
Halcón Viajes,"Av. de los Príncipes de España, 45, 28823 Coslada, Madrid",+34 916 74 29 44,https://oficina.halconviajes.com/2828,halconv28@halconviajes.com,Agencia de Viajes,Coslada
Viajes Garden,"C. de José Alix Alix, 14, 28830 San Fernando de Henares, Madrid",+34 912 47 82 22,,,Agencia de Viajes,Coslada
Viajes FlightWay,"C. de Benito Pérez Galdós, 23, 28821 Coslada, Madrid",+34 916 71 74 13,,,Agencia de Viajes,Coslada
Atrapaviajes,"Pl. del Mar Egeo, 11, Local 6, 28821 Barrio del Puerto, Madrid",+34 641 21 09 64,http://www.atrapaviajes.es/,info@atrapaviajes.es,Agencia de Viajes,Coslada
Viajes El Corte Inglés - Coslada,"Calle de Honduras, 6, 28822 Coslada, Madrid",+34 916 60 16 88,,,Agencia de Viajes,Coslada
B travel,"C. de Begoña, 3, 28821 Coslada, Madrid",+34 916 69 22 20,https://bthetravelbrand.com/252?utm_campaign=location_management&utm_content=reviews&utm_medium=social&utm_source=localistico,coslada@btravel.com,Agencia de Viajes,Coslada
Malei Travel Group,"C. de Soria, 1, 28830 San Fernando de Henares, Madrid",+34 603 41 44 73,https://maleitravelgroup.com/,info@maleitravelgroup.com,Agencia de Viajes,Coslada
Viajes Ecuador,"C. del Jardín, 21, 28830 San Fernando de Henares, Madrid",+34 914 85 01 29,http://www.viajesecuador.com/,crc.ecuador@viajesecuador.net,Agencia de Viajes,Coslada
Halcón Viajes,"C. de Begoña, 1, 28821 Coslada, Madrid",+34 916 69 55 44,https://oficina.halconviajes.com/210,halcon210@halconviajes.com,Agencia de Viajes,Coslada
WAKHAL LUXURY TRAVEL & EVENTS,"C. Nazario Calonge, 22, 28830 San Fernando de Henares, Madrid",+34 604 96 46 30,http://tiktok.com/@wakhal_travel_y_events,example@example.com,Agencia de Viajes,Coslada
"Sí, yo voy - Viajes y Turismo","Av. de la Constitución, 73, 28821 Coslada, Madrid",+34 911 29 54 34,,,Agencia de Viajes,Coslada
RUTAS,"Av. de la Cañada, 51, 28823 Coslada, Madrid",+34 633 33 99 85,https://rutaseuropa.com/,,Agencia de Viajes,Coslada
Levart Viajes,"P.º de Cegama, 2, nº 2 local 4, 28830 San Fernando de Henares, Madrid",+34 910 54 71 02,http://www.levartviajes.com/,,Agencia de Viajes,Coslada
Viajes Carrefour de Canillejas Las Rosas San Blas Moratalaz Coslada Barajas Ciudad Pegaso Las Musas Las Rejas,"Calle de San Mariano, 5,semiesquina calle Alcalá 572 Viajes Carrefour METRO : Torre Arias. L5 Parking GRATUITO enfrente de la Agencia NOTA: Atendemos a los clientes de Viajes Carrefour Las ROSAS SAN BLAS ( Av. Guadalajara ) en la calle San Mariano 5☎️911152907, C. de San Mariano, 5, San Blas-Canillejas, 28022 Madrid",+34 911 15 29 07,,,Agencia de Viajes,Coslada
Vuestro Viaje,"28830 San Fernando de Henares, Madrid",+34 613 06 18 36,https://vuestroviaje.com/,,Agencia de Viajes,Coslada
TURISMO GARDEN SL,"Pl. de Uruguay, 10, LOCALES 1 Y 12, 28822 Coslada, Madrid",+34 912 47 82 22,,,Agencia de Viajes,Coslada
The Bear Outdoor,"Pl. del Mar Caspio, 5, 28821 Coslada, Madrid",+34 686 09 56 87,https://thebearoutdoor.com/,info@thebearoutdoor.com,Agencia de Viajes,Coslada
halcón viajes,"C. de Perú, 23, 28823 Coslada, Madrid",,https://www.halconviajes.com/,halcon659@halconviajes.com,Agencia de Viajes,Coslada
SpiritViajes,"C. de Antonio Machado, 18, 28830 San Fernando de Henares, Madrid",+34 695 54 36 34,http://www.spiritviajes.com/,,Agencia de Viajes,Coslada
Andyter Tour Viajes,"28821 Coslada, Madrid, España",+34 642 34 00 38,,,Agencia de Viajes,Coslada
Viajes y Sueños sin Fronteras,"Av. de Berlin, 21, Bajo C, 28822 Coslada, Madrid",+34 640 79 96 60,,,Agencia de Viajes,Coslada
Viajes Vicálvaro,"C/ de la Condesa de la Vega del Pozo, 21, Vicálvaro, 28032 Madrid",+34 917 76 32 06,https://www.viajesvicalvaro.com/,info@viajesvicalvaro.com,Agencia de Viajes,Coslada
Viajes Henares,"C. de Granados, 14, 28850 Torrejón de Ardoz, Madrid",+34 648 92 34 12,,,Agencia de Viajes,Coslada
Viajes 6 Continentes The Travel Experience,"C. Mayor, 13, 28840 Mejorada del Campo, Madrid",+34 916 68 29 28,http://www.6continentes.com/,,Agencia de Viajes,Coslada
LR EXPERIENCE,"Av. de la Industria, 17, 28823 Coslada, Madrid",+34 642 75 82 02,,,Agencia de Viajes,Coslada
YOKU TRAVEL,"C. de Junio, 7B, San Blas-Canillejas, 28022 Madrid",+34 640 24 17 02,https://yokutravel.com/,info@yokutravel.com,Agencia de Viajes,Coslada
EXCURSIONES MADRID - Agencia de Viajes en Madrid - España,"Av. del Marqués de Corbera, 47, bajo izquierdo, Cdad. Lineal, 28017 Madrid",+34 698 95 98 82,https://www.excursionesmadridspain.com/excursiones-viajes/,info@excursionesmadridspain.com,Agencia de Viajes,Coslada
Tabita Tour,"Plaza del Dr. Marañón, 2, 28821 Coslada, Madrid",+34 637 27 09 72,https://www.tabitatour.ro/?utm_source=google&utm_medium=cautari_organice&utm_campaign=GoogleMyBusiness,cluj@tabitatour.ro,Agencia de Viajes,Coslada
Nautalia Viajes,"P.º de Ginebra, 17, San Blas-Canillejas, 28022 Madrid",+34 918 27 46 40,https://agencias.nautaliaviajes.com/madrid-634/,0634@nautaliaviajes.es,Agencia de Viajes,Coslada
Viajes La Mareta,"C. Gutiérrez Canales, 3, San Blas-Canillejas, 28022 Madrid",+34 910 54 90 24,http://www.agenciaviajeslamareta.es/,mareta@viajeslamareta.es,Agencia de Viajes,Coslada
Viajes Laravel,"Av. de Algorta, 4, 28830 San Fernando de Henares, Madrid",+34 916 71 00 24,,,Agencia de Viajes,Coslada
Viajes El Corte Ingles S.A.,"Av. de Cantabria, 51, Barajas, 28042 Madrid",+34 913 30 07 45,http://www.viajeselcorteingles.es/agencias-viajes,,Agencia de Viajes,Coslada
nuevasrutas,"C/ de Colombia, 15, 28823 Coslada, Madrid",+34 913 60 58 74,,,Agencia de Viajes,Coslada
