Nombre,Direccion,Telefono,Web,Email,Sector,Ubicacion
Viajes Xsirius,"C. Barcelona, 23, 28937 Móstoles, Madrid",+34 916 45 64 25,https://www.viajesxsirius.com/,Carolinaestevez36@hotmail.com,Agencia de Viajes,Mostoles
Viajes Arroyo,"C. Alfonso XII, 43, 28934 Móstoles, Madrid",+34 916 14 04 07,http://www.viajesarroyo.es/,Tinitagh@hotmail.com,Agencia de Viajes,Mostoles
Soljet Viajes,"Av. Carlos V, 56, 28938 Móstoles, Madrid",+34 916 48 05 18,http://www.soljetviajes.com/,,Agencia de Viajes,Mostoles
Clickviaja Móstoles Travel & Dreams || Agencia de viajes low cost ||,"C. Baleares, 20, 28937 Móstoles, Madrid",+34 625 49 18 29,,,Agencia de Viajes,Mostoles
Nautalia Viajes Móstoles,"Metro Sur: Pradillo, C. de Juan XXIII, 4, 28938 Móstoles, Madrid",+34 910 02 43 97,https://agencias.nautaliaviajes.com/mostoles-623/,0623@nautaliaviajes.es,Agencia de Viajes,Mostoles
Viajes Carrefour Móstoles 6,"C. Baleares, 21, 28937 Móstoles, Madrid",+34 918 10 15 71,https://www.viajes.carrefour.es/,,Agencia de Viajes,Mostoles
Viajes El Corte Inglés - Móstoles,"Av. de la Constitucion, 54-56, 28931 Móstoles, Madrid",+34 916 18 27 12,,,Agencia de Viajes,Mostoles
Bayern Travel,"C. Navia, 1, 28931 Móstoles, Madrid",+34 916 17 14 44,http://www.bayerntravel.com/,,Agencia de Viajes,Mostoles
Viajes Veratour,"C. de Juan XXIII, 21, 28938 Móstoles, Madrid",+34 916 18 80 80,http://www.marsans.es/,,Agencia de Viajes,Mostoles
Nextiny Tours,"Pl. del Sol, 30, 3ª Planta, Oficina 38, 28938 Móstoles, Madrid",+34 916 97 99 79,https://nextiny.com/,,Agencia de Viajes,Mostoles
Viajes Terratours,"C. Alfonso XII, 8, 28934 Móstoles, Madrid",+34 912 38 88 58,http://www.viajesterratours.com/,,Agencia de Viajes,Mostoles
Halcón Viajes,"Av. de Portugal, 6, 28931 Móstoles, Madrid",+34 916 17 21 61,https://oficina.halconviajes.com/59,halcon059@halconviajes.com,Agencia de Viajes,Mostoles
B travel,"C. de San Marcial, 3, 28931 Móstoles, Madrid",+34 916 64 13 14,https://bthetravelbrand.com/253?utm_campaign=location_management&utm_content=reviews&utm_medium=social&utm_source=localistico,mostoles@btravel.com,Agencia de Viajes,Mostoles
Viajes Carrefour,"C. de Ricardo Medem, 10, 28931 Móstoles, Madrid",+34 916 65 57 69,https://www.viajes.carrefour.es/agencias-viajes/donde-esta/viajes-carrefour-mostoles-4/,,Agencia de Viajes,Mostoles
TIME2TRAVEL by Marcos Plaza | VIAJES EN GRUPO Y EN PRIVADO POR TODO EL MUNDO,"C. Maestros, 17, 28935 Móstoles, Madrid",+34 644 81 18 39,http://www.time2travelmp.com/,hello@time2travelmp.com,Agencia de Viajes,Mostoles
Xtrem Travel S. L.,"C. Sagitario, 66, 28938 Móstoles, Madrid",+34 915 45 82 12,http://www.xtremtravel.com/,info@xtremtravel.com,Agencia de Viajes,Mostoles
Metanoia Travel,"C. Huesca, 5, 28934 Móstoles, Madrid",+34 601 22 88 98,https://www.metanoiatravel.online/contacto.htm,metanoiatravel@grupoeuropa.com,Agencia de Viajes,Mostoles
Linea Tours Móstoles Centro,"Av. de la Constitucion, 53, Local 25, 28921 Móstoles, Madrid",+34 911 15 66 68,,,Agencia de Viajes,Mostoles
Taan Tours,"C. Estocolmo, 1, 28937 Móstoles, Madrid",+34 641 05 24 85,https://www.taantours.es/,,Agencia de Viajes,Mostoles
EXCURSIONES MADRID - Agencia de Viajes en Madrid - España,"Av. del Marqués de Corbera, 47, bajo izquierdo, Cdad. Lineal, 28017 Madrid",+34 698 95 98 82,https://www.excursionesmadridspain.com/excursiones-viajes/,info@excursionesmadridspain.com,Agencia de Viajes,Mostoles
UmraSpain,"Av. de la Constitucion, 18, Piso 1.C, 28931 Móstoles, Madrid",+34 643 93 91 41,http://www.umraspain.com/,contact@umraspain.com,Agencia de Viajes,Mostoles
"Metanoia Travel, ""tú agencia de viajes""","C. Huesca, 5, 28934 Móstoles, Madrid",+34 601 22 88 98,http://metanoiatravel.online/,metanoiatravel@grupoeuropa.com,Agencia de Viajes,Mostoles
Zafiro Tours,"Av. de Portugal, 34, 28933 Móstoles, Madrid",+34 916 14 07 76,https://booking.mostolesportugal.zafirotours.es/,olt-by-destinia@2x.png,Agencia de Viajes,Mostoles
Viajes Villafontana,"C. Veracruz, 17, 1B, 28936 Móstoles, Madrid",+34 916 47 22 72,,,Agencia de Viajes,Mostoles
SubAlpino Senderismo en Madrid,"C. Pintor Velazquez, 39, 28933 Madrid",+34 656 83 14 39,http://www.subalpino.es/,info@subalpino.es,Agencia de Viajes,Mostoles
B travel,"P.º de Arroyomolinos, 2, 28938 Móstoles, Madrid",+34 912 77 93 55,https://bthetravelbrand.com/1229?utm_campaign=location_management&utm_content=reviews&utm_medium=social&utm_source=localistico,mostoles-arroyomolinos@btravel.com,Agencia de Viajes,Mostoles
World Travel Plan | Zafiro Tours Móstoles,"C. Camino de Leganes, 28937 Móstoles, Madrid",+34 686 65 48 75,https://booking.mostoles.zafirotours.es/,,Agencia de Viajes,Mostoles
Viajes Garden,"C. de José Alix Alix, 14, 28830 San Fernando de Henares, Madrid",+34 912 47 82 22,,,Agencia de Viajes,Mostoles
Centro Comercial Carrefour Móstoles,"P.º de Extremadura, 19, 28935 Móstoles, Madrid",+34 914 90 89 00,http://www.cc-carrefour-mostoles.com/,es_comunicacion@carmila.com,Agencia de Viajes,Mostoles
Viajes Iberia,"P.º de Arroyomolinos, 2, 28934 Móstoles, Madrid",+34 916 13 67 52,,,Agencia de Viajes,Mostoles
Viajes Gran Via,"Local, C. Mayor, 68, Centro, 28013 Madrid",+34 917 55 52 23,https://www.viajesgranvia.com/,info@viajesgranvia.com,Agencia de Viajes,Mostoles
Arcadia Viajes Madrid | Agencia de viajes,"Av. de Menéndez Pelayo, 38, Retiro, 28007 Madrid",+34 655 20 45 86,http://www.arcadia-viajes.com/,,Agencia de Viajes,Mostoles
Zafiro Tours Mostoles,"Av. de la Ciudad de Barcelona, 57, 6, Retiro, 28007 Madrid",+34 650 52 18 06,https://www.zafirotoursmostoles.com/,mostolesportugal@zafirotours.es,Agencia de Viajes,Mostoles
Viajes de Cuento,"C. de Pegaso, 4, PLANTA5 LETRA i, 28938 Móstoles, Madrid",+34 675 04 13 15,https://www.instagram.com/viajesdecuentodisney/,,Agencia de Viajes,Mostoles
Agencia de Viajes Alkoste - Viajes baratos a Latinoamérica,"C. Azabache, 4, Carabanchel, 28019 Madrid",+34 910 00 01 87,http://www.viajesalkoste.com/,luis@ejemplo.com,Agencia de Viajes,Mostoles
Agencia de Viajes Traveler 360,"Calle del Gral. Ricardos, 69, Carabanchel, 28019 Madrid",+34 622 33 69 79,https://www.traveler360.es/,viajestraveler.360@gmail.com,Agencia de Viajes,Mostoles
Fly Travel Madrid,"C. de la Montera, 34, piso 2 oficina 2, Centro, 28013 Madrid",+34 915 77 94 86,,,Agencia de Viajes,Mostoles
Agencia viajes Vallecas - Agencia Viajes Madrid - Gouwallet,"C/ de Peña Gorbea, 12, Puente de Vallecas, 28053 Madrid",+34 682 44 67 97,https://www.instagram.com/gouwallet,,Agencia de Viajes,Mostoles
Oyala Business Class,"C. Badajoz, 28, 28931 Móstoles, Madrid",,,,Agencia de Viajes,Mostoles
Check point,"C. Pintor Velazquez, 79, 28935 Móstoles, Madrid",,,,Agencia de Viajes,Mostoles
Touryocio,"mostoles, 28933 Móstoles, Madrid",+34 622 16 14 04,,,Agencia de Viajes,Mostoles
Vibo Viajes,"C. Pintor Velazquez, 5, 28932 Móstoles, Madrid",+34 916 13 66 62,,,Agencia de Viajes,Mostoles
Vibo Viajes,"P.º de Arroyomolinos, 2, 28938 Móstoles, Madrid",+34 916 13 66 75,,,Agencia de Viajes,Mostoles
PANGEA The Travel Store,"Calle del Príncipe de Vergara, 26, Salamanca, 28001 Madrid",+34 910 83 79 76,https://www.pangea.es/?utm_source=ficha_madrid&utm_medium=gmb&utm_campaign=home,contacto@pangea.es,Agencia de Viajes,Mostoles
Merdire Viajes,"C. de Simón Hernández, 53, 28937 Móstoles, Madrid",+34 615 58 80 06,,,Agencia de Viajes,Mostoles
Your Best Agency,"28934 Móstoles, Madrid",+34 605 38 87 06,,,Agencia de Viajes,Mostoles
Agencia Viajes Star Call Vuelokey y Extranjeria,"C. del Puerto de Balbarán, 15, Puente de Vallecas, 28053 Madrid",+34 914 69 46 99,https://starcall.vuelokey.com/,starcall@vuelokey.com,Agencia de Viajes,Mostoles
VIAJES HOTEL EN FAMILIA,"Av. de Europa, 21-23, 1ª PLANTA OFICINA 35, 28942 Fuenlabrada, Madrid",+34 609 13 43 25,http://www.hotelenfamilia.com/,,Agencia de Viajes,Mostoles
Latintours,"Gran Vía, 49, 3º Derecha, Centro, 28013 Madrid",+34 913 60 46 40,http://www.latintours.com/,online@latintours.com,Agencia de Viajes,Mostoles
Oficina de Turismo del Ayuntamiento de la Villa de Móstoles,"Pl. del Pradillo, s/n, 28931 Móstoles, Madrid",+34 916 65 62 85,https://www.mostoles.es/es/ayuntamiento/ciudad/oficina-turismo-ayuntamiento-villa-mostoles,,Agencia de Viajes,Mostoles
Agencia de Viajes a medida CIROTRAVEL,"1º, C. Alcalá, 58, Retiro, 28014 Madrid",+34 910 13 98 71,http://www.cirotravel.com/,info@cirotravel.com,Agencia de Viajes,Mostoles
Amadeus Soluciones Tecnológicas S.A.,"Av. del dos de Mayo, 40, 28934 Móstoles, Madrid",+34 916 13 91 98,,,Agencia de Viajes,Mostoles
Travel Vibes,"C. de la Montera, 24, 2E, Centro, 28013 Madrid",+34 653 92 19 63,https://travelvibes.es/,info@travelvibes.es,Agencia de Viajes,Mostoles
Viajes Beagle Madrid,"CITA PREVIA, Calle de Rodríguez San Pedro, 2, Oficina 505, Chamberí, 28015 Madrid",+34 917 37 40 97,http://www.viajesbeagle.com/,info@viajesbeagle.com,Agencia de Viajes,Mostoles
Konnichiwa Japan Lover,"C. Nápoles, 19, 28938 Móstoles, Madrid",+34 696 69 52 18,http://www.konnichiwajapanlover.com/,info@konnichiwajapanlover.com,Agencia de Viajes,Mostoles
Paso Noroeste - Viajes de aventura y viajes en grupo,"Gran Vía, 69, Centro, 28013 Madrid",+34 917 58 55 51,https://www.pasonoroeste.com/,info@pasonoroeste.com,Agencia de Viajes,Mostoles
Vivencia Andina,"Calle de la Princesa, 29, Moncloa - Aravaca, 28008 Madrid",+34 915 48 71 90,https://vivenciaandina.com/?utm_source=gmb&utm_medium=organic&utm_campaign=google-my-business,va@vivenciaandina.com,Agencia de Viajes,Mostoles
Flytour Viajes,"C. de la Montera, 24, 3B, Centro, 28013 Madrid",+34 915 26 31 31,https://www.flytourviajes.com/,reservas@flytourviajes.com,Agencia de Viajes,Mostoles
Agencia de Viajes Olympia Madrid,"C. Alcalá, 18, 2ª Planta, Centro, 28014 Madrid",+34 915 22 45 01,http://www.viajesolympiamadrid.com/,info@olympiamad.com,Agencia de Viajes,Mostoles
Escapada Emocionante,"P.º de Arroyomolinos, 34, 28938 Móstoles, Madrid",+34 917 14 78 59,,,Agencia de Viajes,Mostoles
