Nombre,Direccion,Telefono,Web,Email,Sector,Ubicacion
"Halcon Viajes Getafe ""El Bercial""","Av. de La Paz, 1, 28907 Getafe, Madrid",+34 911 28 86 58,,,Agencia de Viajes,Getafe
"VIAJES BARATOS, VUELO MAS HOTEL, BILLETES DE AVION, VIAJES FINAL DE CURSO, AGENCIA DE VIAJES EN GETAFE","C. San José de Calasanz, 18, 28902 Getafe, Madrid",+34 654 65 94 38,https://www.viajes-shalom.com/,,Agencia de Viajes,Getafe
Kokoa Travel - Viajes por el mundo,"Av Francisco Fernandez Ordoñez, 3, 28903 Getafe, Madrid",+34 633 89 50 50,http://www.kokoatravel.com/,info@kokoatravel.com,Agencia de Viajes,Getafe
Viajes Rusmar,"Calle Guanabacoa, 10 Local 2, Entrada Calle Uruguay, 28907 Getafe, Madrid",+34 914 91 09 94,,,Agencia de Viajes,Getafe
Nautalia Viajes Getafe,"C. Madrid, 95, 28902 Getafe, Madrid",+34 910 02 43 76,https://agencias.nautaliaviajes.com/getafe-618/,0618@nautaliaviajes.es,Agencia de Viajes,Getafe
Laudan Viajes España,"C. Madrid, 129, 28903 Getafe, Madrid",+34 696 54 27 90,https://www.laudanviajes.com/,,Agencia de Viajes,Getafe
B travel,"C. Madrid, 97, 28902 Getafe, Madrid",+34 916 83 67 80,https://bthetravelbrand.com/231?utm_campaign=location_management&utm_content=reviews&utm_medium=social&utm_source=localistico,getafe@btravel.com,Agencia de Viajes,Getafe
BIOSHELTER - Agencia de viajes en Getafe - Viajes de novios - Cruceros - Oficina Experta de Turismo,"C. Arboleda, 22, 28901 Getafe, Madrid",+34 916 83 25 07,https://www.miviaje.net/,,Agencia de Viajes,Getafe
Bisagra Tours,"C. Leoncio Rojas, 4, 28901 Getafe, Madrid",+34 608 77 06 77,https://www.bisagratours.cyberagencias.com/,,Agencia de Viajes,Getafe
Halcón Viajes,"C. Ferrocarril, 13, 28901 Getafe, Madrid",+34 916 83 40 92,https://oficina.halconviajes.com/2546,halconr46@halconviajes.com,Agencia de Viajes,Getafe
Maldo Viajes - Agencia de Viajes Online,"28901 Getafe, Madrid",+34 628 64 24 13,http://www.maldoviajes.com/,susana@maldoviajes.com,Agencia de Viajes,Getafe
Laiago Family Tour,"Av. Buenaventura Durruti, 5, 28905 Getafe, Madrid",+34 662 30 63 69,https://laiagofamilytour.es/,,Agencia de Viajes,Getafe
Nautalia Viajes Sector 3,"Av. Juan Carlos I, 3, 28905 Getafe, Madrid",+34 910 02 44 06,https://agencias.nautaliaviajes.com/getafe-629/,0629@nautaliaviajes.es,Agencia de Viajes,Getafe
Viajes Informativo Getafe,"C. Garcilaso, 32, 28904 Getafe, Madrid",+34 916 95 94 74,,,Agencia de Viajes,Getafe
Viajes El Corte Inglés - Getafe,"C. Madrid, 98, 28902 Getafe, Madrid",+34 916 83 20 40,,,Agencia de Viajes,Getafe
Nihon Travel,"C. Polvoranca, 17, 28901 Getafe, Madrid",+34 916 95 68 78,,,Agencia de Viajes,Getafe
Halcón Viajes,"Av. España, 18, 28903 Getafe, Madrid",+34 916 83 53 52,https://oficina.halconviajes.com/2937,halconx37@halconviajes.com,Agencia de Viajes,Getafe
Next Date Travel,"Av. Buenos Aires, 22, 28907 Getafe, Madrid",+34 624 18 66 28,http://www.nextdatetravel.com/,,Agencia de Viajes,Getafe
Grupo Viajes Turquesa,"C. Sílex, 56, 28905 Getafe, Madrid",+34 914 72 62 11,http://www.viajesparacompartir.com/,info@viajesparacompartir.com,Agencia de Viajes,Getafe
Viajes Contisur,"Av. España, 14, 28903 Getafe, Madrid",+34 916 83 51 66,,,Agencia de Viajes,Getafe
Viajes El Corte Inglés - C.C. El Bercial,"Avda. Comandante J.M. Ripolles S/N, Planta Baja, 28905 Getafe, Madrid",+34 916 84 51 83,,,Agencia de Viajes,Getafe
GECO TRAVEL - Expertos en Viajes,"C. Ferrocarril, 22, 28904 Getafe, Madrid",+34 919 51 55 50,https://www.gecotraveltours.com/,reservas@gecotraveltours.com,Agencia de Viajes,Getafe
EXCURSIONES MADRID - Agencia de Viajes en Madrid - España,"Av. del Marqués de Corbera, 47, bajo izquierdo, Cdad. Lineal, 28017 Madrid",+34 698 95 98 82,https://www.excursionesmadridspain.com/excursiones-viajes/,info@excursionesmadridspain.com,Agencia de Viajes,Getafe
Next Level Travel,"C. Arboleda, 22, 28901 Getafe, Madrid",+34 916 83 25 07,https://nextleveltravel.es/,mescobar@fontventa.com,Agencia de Viajes,Getafe
Agencia de Viajes Traveler 360,"Calle del Gral. Ricardos, 69, Carabanchel, 28019 Madrid",+34 622 33 69 79,https://www.traveler360.es/,viajestraveler.360@gmail.com,Agencia de Viajes,Getafe
Tours a Europa,"C. Sílex, 56, 28905 Getafe, Madrid",+34 914 72 62 11,http://www.toursaeuropa.es/,info@toursaeuropa.es,Agencia de Viajes,Getafe
Viajes Coge la Maleta,"C. Progreso, 2, Oficina 174, Poligono Industrial los Olivos, 28906 Getafe, Madrid",+34 622 26 10 94,http://www.cogelamaleta.com/,,Agencia de Viajes,Getafe
Viajes Capitan Grant,"P.º de la Chopera, 23, Arganzuela, 28045 Madrid",+34 644 64 00 31,https://www.viajescapitangrant.com/,info@viajescapitangrant.com,Agencia de Viajes,Getafe
Alquiler autobuses Madrid - Torres Bus,"C. Fundidores, 79 (Nave, 28906 Getafe, Madrid",+34 917 95 93 02,https://www.torresbus.es/,info@torresbus.es,Agencia de Viajes,Getafe
Excursiones Mundoazul,"C. Pedro Almodóvar, 3, 28907 Getafe, Madrid",+34 646 51 17 93,http://mundoazulmedioambiente.es/,mundoazul@mundoazulmedioambiente.es,Agencia de Viajes,Getafe
Agencia viajes Vallecas - Agencia Viajes Madrid - Gouwallet,"C/ de Peña Gorbea, 12, Puente de Vallecas, 28053 Madrid",+34 682 44 67 97,https://www.instagram.com/gouwallet,,Agencia de Viajes,Getafe
Viajes Gran Via,"Local, C. Mayor, 68, Centro, 28013 Madrid",+34 917 55 52 23,https://www.viajesgranvia.com/,info@viajesgranvia.com,Agencia de Viajes,Getafe
Arcadia Viajes Madrid | Agencia de viajes,"Av. de Menéndez Pelayo, 38, Retiro, 28007 Madrid",+34 655 20 45 86,http://www.arcadia-viajes.com/,,Agencia de Viajes,Getafe
Placer y Viajes - Agencia de viajes,"C. de Alonso Cano, 66, Piso 1 puerta 5, Chamberí, 28003 Madrid",+34 900 877 744,http://www.placeryviajes.es/,info@placeryviajes.com,Agencia de Viajes,Getafe
Agencia de Viajes Alkoste - Viajes baratos a Latinoamérica,"C. Azabache, 4, Carabanchel, 28019 Madrid",+34 910 00 01 87,http://www.viajesalkoste.com/,luis@ejemplo.com,Agencia de Viajes,Getafe
ARANTRAVEL | Agencia de viajes Madrid,"C. de Escosura, 11, Chamberí, 28015 Madrid",+34 914 45 33 44,https://agenciadeviajesarantravel.com/,,Agencia de Viajes,Getafe
azulmarino,"C. Madrid, 98, 28902 Getafe, Madrid",+34 919 43 28 37,https://www.azulmarino.com/es-es/,,Agencia de Viajes,Getafe
Agencia de Viajes Laturné,"Calle de Honduras, 22, 28822 Coslada, Madrid",+34 910 46 04 95,,,Agencia de Viajes,Getafe
Viajes Okavango,"Calle Galicia, 28903 Getafe, Madrid",,,,Agencia de Viajes,Getafe
Viajes Dinasur,"Pl. de España, 28911 Leganés, Madrid",+34 911 76 32 48,http://viajesdinasur.com/,,Agencia de Viajes,Getafe
Viajes Garden,"C. de José Alix Alix, 14, 28830 San Fernando de Henares, Madrid",+34 912 47 82 22,,,Agencia de Viajes,Getafe
Viajes Beagle Madrid,"CITA PREVIA, Calle de Rodríguez San Pedro, 2, Oficina 505, Chamberí, 28015 Madrid",+34 917 37 40 97,http://www.viajesbeagle.com/,info@viajesbeagle.com,Agencia de Viajes,Getafe
AGENCIA DE VIAJES - FSB VIAJES - ARGANZUELA - MADRID,"P.º de Sta. María de la Cabeza, 6, Arganzuela, 28045 Madrid",+34 915 28 78 90,http://www.fsbviajes.com/,cotizaciones@fsbviajes.com,Agencia de Viajes,Getafe
Luxury Travel Agency | Agencia de Viajes de Lujo | Madrid & Beyond,"Calle Velázquez, 34, Salamanca, 28002 Madrid",+34 917 58 00 63,http://www.madridandbeyond.com/,info@madridandbeyond.com,Agencia de Viajes,Getafe
mi Crucero Fluvial (mCF),"Calle Madrid 100, Esc Izqda, 1ª Planta, Oficina 3ª, 28902 Getafe, Madrid",+34 917 37 28 28,https://www.micrucerofluvial.com/,info@micrucerofluvial.com,Agencia de Viajes,Getafe
Tierra de Fuego,"Tr.ª del Conde Duque, 3, Centro, 28015 Madrid",+34 915 21 52 40,http://tierradefuego.es/,inscripcionestierradefuego@gmail.com,Agencia de Viajes,Getafe
Fly Travel Madrid,"C. de la Montera, 34, piso 2 oficina 2, Centro, 28013 Madrid",+34 915 77 94 86,,,Agencia de Viajes,Getafe
Mundiplus | Agencia de Viajes del Camino de Santiago,"C. de Juan Duque, 42, Arganzuela, 28005 Madrid",+34 912 21 74 85,https://mundiplus.com/,,Agencia de Viajes,Getafe
Agencia de Viajes a medida CIROTRAVEL,"1º, C. Alcalá, 58, Retiro, 28014 Madrid",+34 910 13 98 71,http://www.cirotravel.com/,info@cirotravel.com,Agencia de Viajes,Getafe
Betel Travel,"C. Manzana, 7, 28901 Getafe, Madrid",+34 614 10 96 31,https://www.beteltravel.com/,info@beteltravel.com,Agencia de Viajes,Getafe
Explora Acción Viajes,"C. de Almadén, 19, Centro, 28014 Madrid",+34 915 91 97 97,http://www.explora-accion.com/,mrsmith@dynamicweb.com,Agencia de Viajes,Getafe
PANGEA The Travel Store,"Calle del Príncipe de Vergara, 26, Salamanca, 28001 Madrid",+34 910 83 79 76,https://www.pangea.es/?utm_source=ficha_madrid&utm_medium=gmb&utm_campaign=home,contacto@pangea.es,Agencia de Viajes,Getafe
Deviaje - Life&Travel,"Calle de Don Ramón de la Cruz, 17, 1ºIzq, Salamanca, 28001 Madrid",+34 915 77 98 99,http://www.deviaje.com/,info@deviaje.com,Agencia de Viajes,Getafe
Agencia de Viajes Olympia Madrid,"C. Alcalá, 18, 2ª Planta, Centro, 28014 Madrid",+34 915 22 45 01,http://www.viajesolympiamadrid.com/,info@olympiamad.com,Agencia de Viajes,Getafe
European Idiomas,"C. Luis Buñuel, 11, 28907 Getafe, Madrid",+34 916 83 54 74,https://www.europeanidiomas.com/,info@europeanidiomas.com,Agencia de Viajes,Getafe
Huakai,"C. de Gaztambide, 3, Chamberí, 28015 Madrid",+34 633 02 92 87,https://huakai.es/,info@huakai.es,Agencia de Viajes,Getafe
Malei Travel Group,"C. de Soria, 1, 28830 San Fernando de Henares, Madrid",+34 603 41 44 73,https://maleitravelgroup.com/,info@maleitravelgroup.com,Agencia de Viajes,Getafe
Amadeus Soluciones Tecnológicas S.A.,"C. Madrid, 95, 28902 Getafe, Madrid",+34 916 84 04 45,,,Agencia de Viajes,Getafe
Cerrado,"Av. de los Ángeles, 28903 Getafe, Madrid",+34 600 60 06 00,https://www.facebook.com/QuedateEnmadrid2020,,Agencia de Viajes,Getafe
VIAJES DELICIAS,"C. del Ferrocarril, 14, Arganzuela, 28045 Madrid",+34 915 06 16 22,http://www.viajesdelicias.com/,,Agencia de Viajes,Getafe
