Nombre,Direccion,Telefono,Web,Email,Sector,Ubicacion
Viajes Henares,"C. de Granados, 14, 28850 Torrejón de Ardoz, Madrid",+34 648 92 34 12,,,Agencia de Viajes,Torrejon de Ardoz
Viajes Acipiter,"C. Veredilla, 4, 28850 Torrejón de Ardoz, Madrid",+34 917 12 37 47,http://www.viajesacipiter.com/,info@viajesacipiter.com,Agencia de Viajes,Torrejon de Ardoz
Nautalia Viajes,"C. Libertad, 4, 28850 Torrejón de Ardoz, Madrid",+34 910 02 44 14,https://agencias.nautaliaviajes.com/torrejon-de-ardoz-625/,0625@nautaliaviajes.es,Agencia de Viajes,Torrejon de Ardoz
Viajes El Corte Inglés - Torrejón-Libertad,"C. Libertad, 2, 28850 Torrejón de Ardoz, Madrid",+34 916 77 36 36,,,Agencia de Viajes,Torrejon de Ardoz
Viajes Carrefour,"C. Hospital, 16, 28850 Torrejón de Ardoz, Madrid",+34 645 78 27 62,https://agencias.viajes.carrefour.es/viajes-carrefour-torrejon-de-ardoz-4/,es_viajes2863@carrefour.com,Agencia de Viajes,Torrejon de Ardoz
Viajes Carrefour,"C. Veredilla, 4, 28850 Torrejón de Ardoz, Madrid",+34 916 60 12 07,https://agencias.viajes.carrefour.es/viajes-carrefour-torrejon-de-ardoz/,es_viajes2807@carrefour.com,Agencia de Viajes,Torrejon de Ardoz
Viajes El Corte Inglés - Torrejón-Unión Europea,"Calle Reino Unido, acceso por, Av. de la Unión Europea, 2, 28850 Torrejón de Ardoz, Madrid",+34 916 75 91 36,,,Agencia de Viajes,Torrejon de Ardoz
Halcón Viajes,"C. Pesquera, 5, 28850 Torrejón de Ardoz, Madrid",+34 916 76 03 62,https://oficina.halconviajes.com/271,halcon271@halconviajes.com,Agencia de Viajes,Torrejon de Ardoz
New Travel Click,"C. de Londres, 9, 28850 Torrejón de Ardoz, Madrid",+34 910 82 57 15,http://www.newtravelclick.com/,,Agencia de Viajes,Torrejon de Ardoz
Viajes Garden,"C. de José Alix Alix, 14, 28830 San Fernando de Henares, Madrid",+34 912 47 82 22,,,Agencia de Viajes,Torrejon de Ardoz
Viajes Lemur,"Avenida Virgen de Loreto, C. de la Virgen de la Paz, 10, Lateral, 28850 Torrejón de Ardoz, Madrid",+34 916 76 45 76,http://viajeslemur.clickviaja.com/,viajeslemur@clickviaja.com,Agencia de Viajes,Torrejon de Ardoz
Viajes Cibeles,"C. Hospital, 32, 28850 Torrejón de Ardoz, Madrid",+34 916 75 80 89,https://rutasculturales.viajescibeles.com/,,Agencia de Viajes,Torrejon de Ardoz
Travelfast. Agencia de Viajes Accesibles.,"28850 Torrejón de Ardoz, Madrid",+34 912 90 30 89,http://www.travelfast.es/,info@travelfast.es,Agencia de Viajes,Torrejon de Ardoz
B travel,"C. Hospital, 24, 28850 Torrejón de Ardoz, Madrid",+34 915 56 30 91,https://bthetravelbrand.com/1898?utm_campaign=location_management&utm_content=reviews&utm_medium=social&utm_source=localistico,reservas@btravel.com,Agencia de Viajes,Torrejon de Ardoz
Camarma Viajes,"Av. de la Unión Europea, 19, 28850 Torrejón de Ardoz, Madrid",+34 828 81 10 38,,,Agencia de Viajes,Torrejon de Ardoz
Elitur Trans Torrejón,"28850 Torrejón de Ardoz, Madrid, España",+34 642 73 37 59,http://www.elitur-trans.ro/,office@elitur-trans.ro,Agencia de Viajes,Torrejon de Ardoz
Marruecos Aventura,"C. Jabonería, 4, 28850 Torrejón de Ardoz, Madrid",+34 640 87 02 42,https://marruecosaventura.es/,info@marruecosaventura.es,Agencia de Viajes,Torrejon de Ardoz
Viajes Galdur,"Avenida, Madrid, 60 LOCAL (TIENDA DE ILUSIONES, 28850 Torrejón de Ardoz, Madrid",+34 604 22 99 83,http://www.viajesgaldur.com/,,Agencia de Viajes,Torrejon de Ardoz
Malei Travel Group,"C. de Soria, 1, 28830 San Fernando de Henares, Madrid",+34 603 41 44 73,https://maleitravelgroup.com/,info@maleitravelgroup.com,Agencia de Viajes,Torrejon de Ardoz
WAKHAL LUXURY TRAVEL & EVENTS,"C. Nazario Calonge, 22, 28830 San Fernando de Henares, Madrid",+34 604 96 46 30,http://tiktok.com/@wakhal_travel_y_events,example@example.com,Agencia de Viajes,Torrejon de Ardoz
Viajelowcostespaña,"Pl. de las Palmeras, 28850 Torrejón de Ardoz, Madrid",+34 654 37 89 82,,,Agencia de Viajes,Torrejon de Ardoz
SIRIUS TRAVEL,"PARQUE CORREDOR, Carretera de Torrejón, a CENTRO COMERCIAL, 28850 Torrejón de Ardoz, Madrid",+34 624 35 87 23,https://www.siriustravel.es/,,Agencia de Viajes,Torrejon de Ardoz
Catalana Travel (Agencia de Viajes),"Calle Ronda del Pte., 7, 28850 Torrejón de Ardoz, Madrid",+34 655 43 05 63,,,Agencia de Viajes,Torrejon de Ardoz
Viajes Ecuador,"C. del Jardín, 21, 28830 San Fernando de Henares, Madrid",+34 914 85 01 29,http://www.viajesecuador.com/,crc.ecuador@viajesecuador.net,Agencia de Viajes,Torrejon de Ardoz
EXCURSIONES MADRID - Agencia de Viajes en Madrid - España,"Av. del Marqués de Corbera, 47, bajo izquierdo, Cdad. Lineal, 28017 Madrid",+34 698 95 98 82,https://www.excursionesmadridspain.com/excursiones-viajes/,info@excursionesmadridspain.com,Agencia de Viajes,Torrejon de Ardoz
Viajes Baratos,"Av. de la Unión Europea, 19, 28850 Torrejón de Ardoz, Madrid",+34 918 86 55 12,,,Agencia de Viajes,Torrejon de Ardoz
Momento Viajero,"28850 Torrejón de Ardoz, Madrid",+34 681 15 98 73,http://www.momentoviajero.com/,info@momentoviajero.com,Agencia de Viajes,Torrejon de Ardoz
Viajes Puerta del Sol,"C. Juan de Juanes, 42, 28850 Torrejón de Ardoz, Madrid",+34 913 20 24 00,,,Agencia de Viajes,Torrejon de Ardoz
Vibo Viajes,"C. Madrid, 22, 28850 Torrejón de Ardoz, Madrid",+34 916 77 88 26,,,Agencia de Viajes,Torrejon de Ardoz
...,"C. de la Plata, 46, 28850 Torrejón de Ardoz, Madrid",+34 916 78 22 60,,,Agencia de Viajes,Torrejon de Ardoz
Eg Travel y Logistics,"P.º de la Estación, 2, 2B, 28850 Torrejón de Ardoz, Madrid",+34 910 82 64 40,,,Agencia de Viajes,Torrejon de Ardoz
Viajes La Mareta,"C. Gutiérrez Canales, 3, San Blas-Canillejas, 28022 Madrid",+34 910 54 90 24,http://www.agenciaviajeslamareta.es/,mareta@viajeslamareta.es,Agencia de Viajes,Torrejon de Ardoz
Con Tui Dea,"C. Marquesas, 10, 28850 Torrejón de Ardoz, Madrid",+34 669 00 22 27,,,Agencia de Viajes,Torrejon de Ardoz
