Nombre,Direccion,Telefono,Web,Email,Sector,Ubicacion
LEVITASALUD | Entrenamiento personal,"Tr.ª de San Andrés, 5, local 1, 28100 Alcobendas, Madrid",+34 633 74 86 43,http://levitasalud.com/,,Entrenador Personal,Alcobendas
JG fitness Alcobendas | Entrenador personal & Electroestimulación | Madrid,"P.º de la Chopera, 182, 28100 Alcobendas, Madrid",+34 604 97 78 56,https://jgfitness.es/centros/alcobendas/,DSC03954_@sharonlopez-1.webp,Entrenador Personal,Alcobendas
Nkon Training | Centro de Entrenamiento Personal en Alcobendas.,"Av. de la Industria, 34, Primera Planta. Local L, 28108 Alcobendas, Madrid",,https://www.nkontraining.es/,info@nkontraining.es,Entrenador Personal,Alcobendas
SANO Alcobendas - Entrenamiento Personal y Grupos Reducidos,"Av. de Camilo José Cela, 34, 28108 Alcobendas, Madrid",+34 614 14 27 03,https://www.sanocenter.es/empresas/sano-alcobendas/,sanomadridalcobendas@sanocenter.es,Entrenador Personal,Alcobendas
Jorge Blasco Entrenador. Entrenamiento personalizado. Personal Training en Alcobendas.,"Av. de la Magia, 11, 28100 Alcobendas, Madrid",+34 676 22 98 48,https://jorgeblascoentrenador.com/,,Entrenador Personal,Alcobendas
F4Trainers - VivaGym,"Avenida de fuencarral parque comercial rio norte n4, 28108 Alcobendas, Madrid",,https://funziona.fit/vivagym-alcobendas/,,Entrenador Personal,Alcobendas
ENTRENADOR PERSONAL (PAUL CORDONES) Moraleja - Alcobendas,"Pl. de la Moraleja, 28109 Alcobendas, Madrid",+34 653 04 36 43,http://paulcordones.com/,info@paulcordones.com,Entrenador Personal,Alcobendas
Jorge Morillas Personal Trainer,"C. de la Libertad, 49, 28100 Alcobendas, Madrid",+34 689 48 86 33,https://jorgemorillas.com/,jorgemorillas.trainer@gmail.com,Entrenador Personal,Alcobendas
Get Fit La Moraleja (Entrenamiento personal y electroestimulación),"C. de la Caléndula, 93, 28109 Alcobendas, Madrid",+34 626 55 39 01,https://centrogetfit.wordpress.com/,getfit.entrenamientopersonal@gmail.com,Entrenador Personal,Alcobendas
JG fitness Las Tablas | Entrenador personal & Electroestimulación | Madrid,"C. de Santiso, 3, Fuencarral-El Pardo, 28050 Madrid",+34 624 67 45 61,https://jgfitness.es/centros/las-tablas/,DSC03954_@sharonlopez-1.webp,Entrenador Personal,Alcobendas
GOU Training Alcobendas,"Av. de Valdelaparra, 72, 28108 Madrid",+34 644 14 85 39,http://www.goutrainingmadrid.com/,alcobendas@goutraining.com,Entrenador Personal,Alcobendas
JG fitness San Sebastián de los Reyes | Entrenador personal,"Calle de Alejandro Casona, 3(C), Escalera 1, Planta 0, Portal L5, 28702 Madrid",+34 604 96 01 85,https://jgfitness.es/centros/san-sebastian-de-los-reyes/,DSC03954_@sharonlopez-1.webp,Entrenador Personal,Alcobendas
Personal Trainer Cristian Lucero,"Carr. de Fuencarral, 44, 28109 Alcobendas, Madrid",+34 633 63 37 69,https://kickfitbarcelona.es/ENTRENADOR-PERSONAL-EN-ALCOBENDAS-CL-PERSONAL-FITNESS-8732/#google_vignette,,Entrenador Personal,Alcobendas
Healthy Lab,"Ninety, Carr. de Fuencarral, 44, Edificio 3 Piso 2 Puerta L24, 28108 Alcobendas, Madrid",+34 617 63 57 94,http://www.healthylab.org/,info@healthylab.org,Entrenador Personal,Alcobendas
Fitness Health & Fun,"C. de la Dalia, 64, bajo B, 28109 Moraleja, Madrid",+34 609 56 53 26,https://www.fhfentrenadores.com/,,Entrenador Personal,Alcobendas
Funziona Entrenamiento Personal en Basic-Fit,"Blvr. de Salvador Allende, 11, 28100 Alcobendas, Madrid",+34 623 96 00 34,https://funziona.fit/,info@funziona.fit,Entrenador Personal,Alcobendas
Centro de entrenamiento personal y fisioterapia Favourite Trainer,"C. de la Sierra de Atapuerca, 6, Fuencarral-El Pardo, 28050 Madrid",+34 659 87 21 37,http://www.franfavouritetrainer.es/,francruz.ep@gmail.com,Entrenador Personal,Alcobendas
Entrenador personal BlueGold Training,"Av. de la Independencia, 28701 San Sebastián de los Reyes, Madrid",+34 696 38 72 29,https://bgtraining.es/,creativinnova83@gmail.com,Entrenador Personal,Alcobendas
BEFEARLESS | Box en Madrid,"C. de los Aragoneses, 2, 28108 Alcobendas, Madrid",+34 678 08 25 58,http://www.befearlessmadrid.com/,info@befearlessmadrid.com,Entrenador Personal,Alcobendas
D3 Evolution Fitness | Gimnasio en Alcobendas,"dentro del polígono, Av. de la Industria, 8, Nave 2, 28108 Alcobendas, Madrid",+34 660 60 88 07,http://www.d3evolutionfitness.com/,hola@d3evolutionfitness.com,Entrenador Personal,Alcobendas
M-C Entrenamiento Personal,"Av. de Murcia, 2, Local 224, 28702 San Sebastián de los Reyes, Madrid",+34 682 92 93 66,https://www.mc-entrenamientopersonal.com/,mcs.entrenadorpersonal@gmail.com,Entrenador Personal,Alcobendas
FSC Top Nutrition - Tienda de Nutrición y Suplementos. Entrenador personal,"C. de la Libertad, 59, 28100 Alcobendas, Madrid",+34 911 30 62 91,https://topnutrition.es/,info@topnutrition.es,Entrenador Personal,Alcobendas
CrisAndFit Entrenadora Personal,"C. de Ana de Austria, s/n, Hortaleza, 28050 Madrid",+34 659 20 78 45,https://www.crisandfit.com/,,Entrenador Personal,Alcobendas
Meal Sport,"C. de la Granja, 5, 28108 Alcobendas, Madrid",+34 695 44 77 06,https://www.instagram.com/meal.sport/,,Entrenador Personal,Alcobendas
Funziona Entrenamiento Personal en Basic-Fit Valcarlos,"C. de Valcarlos, 5, Fuencarral-El Pardo, 28050 Madrid",+34 623 96 00 34,https://www.funziona.fit/centros-basicfit/basic-fit-valcarlos/,,Entrenador Personal,Alcobendas
F4Trainers - Las Tablas Norte,"Calle de Hospital de Órbigo, 12, Fuencarral-El Pardo, 28050 Madrid",,http://f4trainers.com/,info@f4trainers.com,Entrenador Personal,Alcobendas
APECED,"P.º de la Chopera, 84, 28100 Alcobendas, Madrid",+34 687 44 94 79,https://www.apeced.es/,info@apeced.es,Entrenador Personal,Alcobendas
HE entrenador personal | San sebastián de los reyes,"Av. de los Pirineos, 28702 San Sebastián de los Reyes, Madrid",+34 645 42 11 74,https://madridentrenadorpersonal.es/,,Entrenador Personal,Alcobendas
JG fitness Herrera Oria | Entrenador personal & Electroestimulación | Madrid,"C. de Sangenjo, 16, Fuencarral-El Pardo, 28034 Madrid",+34 614 46 58 31,https://jgfitness.es/centros/herrera/,DSC03954_@sharonlopez-1.webp,Entrenador Personal,Alcobendas
"EP TRAINING - Entrenador Personal Online y Entrenamientos presenciales en: Paracuellos, Daganzo, Ajalvir, Barajas y Madrid","C. Tablas de Daimiel, 79, 28860 Paracuellos de Jarama, Madrid",+34 627 23 23 07,,,Entrenador Personal,Alcobendas
JG fitness Arroyo del Fresno | Entrenador personal | Madrid,"C. del Arroyo del Monte, 125, Fuencarral-El Pardo, 28049 Madrid",+34 614 35 59 41,https://jgfitness.es/centros/arroyo-del-fresno/,DSC03954_@sharonlopez-1.webp,Entrenador Personal,Alcobendas
JG fitness Sanchinarro | Entrenador personal & Electroestimulación | Madrid,"C. Alcalde Álvarez de Villaamil, 7, Hortaleza, 28050 Madrid",+34 614 43 08 86,https://jgfitness.es/centros/sanchinarro/,DSC04443_@sharonlopez.jpg,Entrenador Personal,Alcobendas
TRAILXTREM ACADEMY,"Calle de Fco. Largo Caballero, 58, 28100 Alcobendas, Madrid",+34 658 64 69 81,https://trailxtremacademy.es/,hola@trailxtremacademy.es,Entrenador Personal,Alcobendas
Crys Dyaz & Co,"Cl. de la Azalea, 1, 28109 Alcobendas, Madrid",+34 650 14 82 44,http://www.crysdyazandco.com/,info@crysdyazandco.com,Entrenador Personal,Alcobendas
Eloy personal trainer,"Cam. Viejo, 28109 Alcobendas, Madrid",+34 658 89 31 66,,,Entrenador Personal,Alcobendas
JG fitness Montecarmelo | Entrenador personal & Electroestimulación | Madrid,"Av. del Monasterio de Silos, 53, Local 4, Fuencarral-El Pardo, 28049 Madrid",+34 679 53 67 92,https://jgfitness.es/centros/montecarmelo/,DSC03954_@sharonlopez-1.webp,Entrenador Personal,Alcobendas
Giovanni Valle - ENTRENADOR PERSONAL,"Fuencarral-El Pardo, 28050 Madrid",+34 646 36 72 66,http://www.entrenadorpersonal.com.es/,,Entrenador Personal,Alcobendas
360 Fitness Studio Sanchinarro | Gimnasio y Entrenamiento personal,"C. de la Princesa de Éboli, 1, Hortaleza, 28050 Madrid",+34 614 31 85 48,http://360fitnesstudio.com/,sanchinarro@360fitnesstudio.com,Entrenador Personal,Alcobendas
The Genesis personal exclusive sport club,"Av. de Matapiñonera, 11, 28703 San Sebastián de los Reyes, Madrid",+34 661 71 56 83,,,Entrenador Personal,Alcobendas
énergie Fitness La Vega,"Centro Comercial la Vega, Av. Olímpica, 9, 28108 Alcobendas, Madrid",+34 682 06 13 74,https://energiefitness.es/gym/la-vega-alcobendas?_gl=1*15n2nkt*_up*MQ..*_ga*NDExNDM2MDY0LjE3MDg5NDkwNDA.*_ga_JC13XBN3ZL*MTcwODk0OTAzOS4xLjEuMTcwODk0OTAzOS4wLjAuMA..,lavega@energiefitness.es,Entrenador Personal,Alcobendas
Nutrición Deportiva Y Alto Rendimiento,"Av. de la Magia, 11, 28100 Alcobendas, Madrid",+34 910 02 78 77,http://www.nutricionde.es/,info@nutricionde.es,Entrenador Personal,Alcobendas
Entrenador personal David Rubio,"P.º de Alcobendas, 28100 Alcobendas, Madrid",,https://www.instagram.com/davidrubio_fullcoach?igsh=YTRxNTBxaTRzbzJq&utm_source=qr,,Entrenador Personal,Alcobendas
HE Entrenador personal | Entrenamiento Personal | Chamartin,"C. de los Caídos de la División Azul, 1, Chamartín, 28016 Madrid",+34 645 42 11 74,https://madridentrenadorpersonal.es/calle-caidos-de-la-division-azul/,,Entrenador Personal,Alcobendas
Fifteen Trainer,"C. de Manuel Pombo Angulo, 24, Local 6, Hortaleza, 28050 Madrid",+34 633 86 28 71,https://fifteen-trainer.com/,fifteentrainer@gmail.com,Entrenador Personal,Alcobendas
JG fitness Chamberí | Entrenador personal & Electroestimulación | Barrio Chamberí,"C. de Sagunto, 15, Chamberí, 28010 Madrid",+34 652 76 88 81,https://jgfitness.es/centros/chamberi/,DSC09392_@sharonlopez.jpg,Entrenador Personal,Alcobendas
ENTRENEMOS - Entrenador Personal,"C. de Dulce Chacón, 45, 3A, Hortaleza, 28050 Madrid",+34 616 22 06 56,http://www.vitaltrainer.es/,,Entrenador Personal,Alcobendas
Entrenador Personal a Domicilio Rivas Exclusive,"C. Luis García Berlanga, 13, 28521 Rivas-Vaciamadrid, Madrid",+34 655 97 24 09,https://www.entrenadorpersonalexclusive.es/,,Entrenador Personal,Alcobendas
Avanza Fit - Plaza Norte 2,"Pl. del Comercio, 12, Se encuentra en CC, Plaza Norte, 2, 28703 San Sebastián de los Reyes, Madrid",,https://www.avanzafit.com/,info@f4trainers.com,Entrenador Personal,Alcobendas
Functional Patterns España,"Av. de la Industria, 8, 28108 Alcobendas, Madrid",+34 691 43 30 27,https://zeusfitness.net/alcobendas/functional-patterns-madrid/,,Entrenador Personal,Alcobendas
SANO San Sebastián de los Reyes 2.0 - Entrenamiento Personal y Grupos Reducidos,"C. Rosa Chacel, 9, 28703 San Sebastián de los Reyes, Madrid",+34 641 16 30 65,https://www.sanocenter.es/empresas/sano-san-sebastian-de-los-reyes/,madridsansebastian@sanocenter.es,Entrenador Personal,Alcobendas
Family Sport Alcobendas,"C. de Segovia, 21, 28100 Alcobendas, Madrid",+34 620 51 25 40,https://familysportalcobendas.es/,info@familysportalcobendas.es,Entrenador Personal,Alcobendas
Peak360 - Nutrición y rendimiento deportivos,"Pl. Mayor, 2, 28108 Alcobendas, Madrid",+34 624 22 40 70,https://peak360.es/,,Entrenador Personal,Alcobendas
Entrenador Personal HugoSports,"C. de Fermín Caballero, 64, Fuencarral-El Pardo, 28034 Madrid",+34 674 60 37 68,https://www.tusclasesparticulares.com/profesores/hugo-pichon-munoz.htm,,Entrenador Personal,Alcobendas
Nacho Trainer,"C. de la Kerria, 28109 Alcobendas, Madrid",+34 618 72 94 65,,,Entrenador Personal,Alcobendas
Synergym Alcobendas Gran Manzana,"Pl. Mayor, 1, 28100 Alcobendas, Madrid",,https://www.synergym.es/alcobendas-gran-manzana/,,Entrenador Personal,Alcobendas
JAIRAM PILATES CENTER,"P.º de Valdelasfuentes, 14, 28100 Alcobendas, Madrid",+34 661 26 36 63,,,Entrenador Personal,Alcobendas
Gimnasio Nova,"P.º de la Chopera, 84, 28100 Alcobendas, Madrid",+34 916 61 62 20,http://www.gimnasionova.es/,ejemplo@gmail.com,Entrenador Personal,Alcobendas
F4Trainers - San Sebastián de los Reyes,"P.º de Europa, 28, 28703 San Sebastián de los Reyes, Madrid",+34 747 42 84 36,https://f4trainers.com/,info@f4trainers.com,Entrenador Personal,Alcobendas
Centro Deportivo Vendetta SL,"Av. de Valdelaparra, 27, bloque 2 nave 6, 28108 Alcobendas, Madrid",+34 668 52 41 03,https://www.instagram.com/cd.vendetta?igsh=dzBsODZ2anJnenVt,,Entrenador Personal,Alcobendas
Gimnasio Infinit Fitness Moraleja - Abierto 24 horas,"C/Azalea, 1 - Miniparc 1 - Edificio F, Planta 1ª, 28109 Alcobendas, Madrid",+34 626 89 25 27,https://www.infinitfitness.es/clubs/lamoraleja,marketing@infinitgroup.es,Entrenador Personal,Alcobendas
