Nombre,Direccion,Telefono,Web,Email,Sector,Ubicacion
Entrenador personal en Madrid | Javier Panizo,"C. de Zurbarán, 7, bajo 5, Chamberí, 28010 Madrid",+34 695 24 09 44,https://javierentrenador.es/,,Entrenador Personal,Madrid
Entrenador personal Madrid | Estudio LIFE,"Av. de los Toreros, 20, Salamanca, 28028 Madrid",+34 655 97 24 09,https://www.estudiolife.es/,info@estudiolife.es,Entrenador Personal,Madrid
E-Motion - Entrenamiento personal,"C/ del Dr. Gómez Ulla, 8, Salamanca, 28028 Madrid",+34 910 71 15 97,http://emotiontraining.es/,,Entrenador Personal,Madrid
Personal Trainer Madrid - Champion Center by David Hughes,"C. de Guipúzcoa, 11, Tetuán, 28020 Madrid",+34 663 48 27 09,http://www.davidhughes.es/,,Entrenador Personal,Madrid
Entrenadores Personales Madrid,"C. de Colombia, 18, Chamartín, 28016 Madrid",+34 645 01 26 72,http://www.entrenadorespersonalesmadrid.com/,info@entrenadorespersonalesmadrid.com,Entrenador Personal,Madrid
Healthy Fitness | Entrenador Personal,"Av. de Menéndez Pelayo, 38, Retiro, 28014 Madrid",+34 914 34 84 40,https://healthyfitness.es/,info@healthyfitness.es,Entrenador Personal,Madrid
Personal | Running & Wellness Hub,"C. Andrés Torrejón, 22, Retiro, 28014 Madrid",+34 915 39 22 82,https://www.personalrunning.com/,info@personalrunning.com,Entrenador Personal,Madrid
Centro de Entrenamiento Personal Juan Ruiz López,"Calle del General Arrando, 5, Chamberí, 28010 Madrid",+34 910 82 55 65,http://www.cepjuanruizlopez.es/,juanrl@cepjuanruizlopez.com,Entrenador Personal,Madrid
JC Salud y Deporte - Centro de Entrenamiento Personal,"Calle de Zurbano, 72, Chamberí, 28010 Madrid",+34 687 32 27 33,http://www.jcsaludydeporte.com/,jcsaludydeporte@gmail.com,Entrenador Personal,Madrid
Luis Revillas Entrenador Personal Madrid,"Cl. del Parroco Eusebio Cuenca, 40, Arganzuela, 28045 Madrid",+34 629 45 64 15,https://entrenocontigo.com/,ponteenformadesdeya@gmail.com,Entrenador Personal,Madrid
Fitroom by Jose Cano,"Calle de Lagasca, 5, Salamanca, 28001 Madrid",+34 666 51 72 24,https://josecano.fitness/,,Entrenador Personal,Madrid
JG fitness Ayala | Entrenador personal & Electroestimulación | Barrio Salamanca,"Cl. de Ayala, 61, Salamanca, 28001 Madrid",+34 675 26 58 99,https://jgfitness.es/centros/ayala/,DSC03149_@sharonlopez.jpg,Entrenador Personal,Madrid
Centro de Entrenamiento Tono Fitness,"C. de Fernando el Santo, 3, Local Derecha, Chamberí, 28010 Madrid",+34 626 49 57 15,http://www.tonofitness.com/,contacto@tonofitness.com,Entrenador Personal,Madrid
Adrián Molinero Entrenador Personal & Fitness Coach,"C. de la Virgen María, 5, Retiro, 28007 Madrid",+34 611 13 00 85,https://www.amfitnessycoaching.com/,contacto@ejemplo.com,Entrenador Personal,Madrid
Entrenador Personal Retiro,"Calle Catalina Suárez, Nº20, Retiro, 28007 Madrid",+34 615 84 35 25,https://sergioalvarezentrenadorpersonal.sedinfo.es/,,Entrenador Personal,Madrid
Sky Fitness Experience,"C. del Cardenal Cisneros, 18, Chamberí, 28010 Madrid",+34 623 51 18 12,https://skyfitnessexperience.com/,,Entrenador Personal,Madrid
JG fitness Chamberí | Entrenador personal & Electroestimulación | Barrio Chamberí,"C. de Sagunto, 15, Chamberí, 28010 Madrid",+34 652 76 88 81,https://jgfitness.es/centros/chamberi/,DSC09392_@sharonlopez.jpg,Entrenador Personal,Madrid
Personal Training Las Rosas,"C. de Sofía, 30, 1ª Planta, San Blas-Canillejas, 28022 Madrid",+34 634 12 26 77,https://grupopersonaltraining.es/,info@grupopersonaltraining.es,Entrenador Personal,Madrid
Entrenador personal Madrid | Javier Pizarro,"Calle del Príncipe de Vergara, 291, Chamartín, 28016 Madrid",+34 654 93 81 19,https://www.madridentrenadorpersonal.com/,javi.profitness@gmail.com,Entrenador Personal,Madrid
JG fitness Delicias | Entrenador personal & Electroestimulación | Barrio Delicias,"C. de la Batalla del Salado, 53, Arganzuela, 28045 Madrid",+34 672 83 14 28,https://jgfitness.es/centros/delicias/,DSC03820_@sharonlopez.jpg,Entrenador Personal,Madrid
JG fitness Príncipe de Vergara | Entrenador personal & Electroestimulación | Madrid,"Calle del Príncipe de Vergara, 208, Chamartín, 28002 Madrid",+34 682 71 15 70,https://jgfitness.es/centros/principe-de-vergara/,DSC03954_@sharonlopez-1.webp,Entrenador Personal,Madrid
Entrenador Personal RAG Entrenamiento,"C. del Dr. Esquerdo, 64, local 3, Retiro, 28007 Madrid",+34 615 56 61 02,http://www.ragentrenamiento.com/,RAG-Rojo@4x-150x150.webp,Entrenador Personal,Madrid
JG fitness Arturo Soria-Mesena| Entrenador personal | Madrid,"C. de Mesena, 18, Hortaleza, 28033 Madrid",+34 606 74 90 17,https://jgfitness.es/centros/arturo-soria/,DSC03954_@sharonlopez-1.webp,Entrenador Personal,Madrid
EntrenaZone - Centro de entrenamiento personal,"Calle de Juan de Urbieta, 14, Retiro, 28007 Madrid",+34 722 56 87 24,https://entrenazone.wodbuster.com/?fbclid=PAdGRjcAMcEotleHRuA2FlbQIxMQABp4t06nfLvek8B6TwJC2RsRsERfGDNc-zjCIpUpRT6247fQqoAByRHakVwEz9_aem_1IILgj0EyjtCIstzRb9bjQ,,Entrenador Personal,Madrid
Entrenadores Personales Madrid IMEO,"C. de Menéndez Pidal, 43, Chamartín, 28036 Madrid",+34 645 01 26 72,http://www.entrenadorespersonalesmadrid.com/,info@entrenadorespersonalesmadrid.com,Entrenador Personal,Madrid
We Love Fit,"C. del Ángel, 10, Centro, 28005 Madrid",+34 647 00 10 97,https://welovefit.es/,info@welovefit.es,Entrenador Personal,Madrid
Entrenador Personal Madrid Edu Veiga Fitness Studio,"C. de Toledo, 84, Centro, 28005 Madrid",+34 678 55 39 29,http://www.eduveiga.es/,info@eduveiga.es,Entrenador Personal,Madrid
JG fitness Chamartín | Entrenador personal & Electroestimulación | Barrio Chamartín,"C. de Juan Hurtado de Mendoza, 17, Chamartín, 28036 Madrid",+34 644 98 87 32,https://jgfitness.es/centros/chamartin/,DSC04443_@sharonlopez.jpg,Entrenador Personal,Madrid
Alvaro Gayoso - Entrenador Personal,"Calle de Diego de León, 43, Salamanca, 28006 Madrid",+34 689 17 77 80,https://www.alvarogayoso.com/,info@alvarogayoso.com,Entrenador Personal,Madrid
Entrenador Personal a Domicilio Rivas Exclusive,"C. Luis García Berlanga, 13, 28521 Rivas-Vaciamadrid, Madrid",+34 655 97 24 09,https://www.entrenadorpersonalexclusive.es/,,Entrenador Personal,Madrid
Entrenador Personal Chema Menéndez,"Calle de Luciente, 7, bajo derecha, Centro, 28005 Madrid",,https://entrenadorpersonalmadridcentro.com/,juanmanuelmenendez1968@yahoo.com,Entrenador Personal,Madrid
KMT Studio | Centro de Entrenamiento,"C. de Alfonso X, 5, Chamberí, 28010 Madrid",+34 631 69 88 08,https://kmtstudio.es/,info@kmtstudio.es,Entrenador Personal,Madrid
JG fitness Las Tablas | Entrenador personal & Electroestimulación | Madrid,"C. de Santiso, 3, Fuencarral-El Pardo, 28050 Madrid",+34 624 67 45 61,https://jgfitness.es/centros/las-tablas/,DSC03954_@sharonlopez-1.webp,Entrenador Personal,Madrid
Entrenador Personal Stefi_fitcoach,"Av. de Andalucía, km. 7, 100, Villaverde, 28041 Madrid",+34 676 15 34 34,https://onestepfit.es/,,Entrenador Personal,Madrid
Centro de Entrenamiento Personal - John López,"C. de Moratín, 26, Centro, 28014 Madrid",+34 699 13 75 84,https://johnlopezpt.com/,lopezavilesjohn@gmail.com,Entrenador Personal,Madrid
MTR | Movement Therapy Recovery | Entrenador Personal,"C. de Julio Rey Pastor, 4, Retiro, 28007 Madrid",+34 648 89 59 81,http://mtrmadrid.com/,,Entrenador Personal,Madrid
En Forma,"C. de Juan Ramón Jiménez, 28, Chamartín, 28036 Madrid",+34 679 33 73 28,http://genteenforma.es/,genteenformacontacto@gmail.com,Entrenador Personal,Madrid
Inés Pernia Fitness Coach,"C. Pico de los Artilleros, 36, Moratalaz, 28030 Madrid",+34 679 50 02 16,https://www.inespernia.com/,INFO@INESPERNIA.COM,Entrenador Personal,Madrid
hiitstudio,"Calle de Palafox, 21, Chamberí, 28010 Madrid",+34 602 25 88 51,http://www.hiitstudio.es/,info@hiitstudio.es,Entrenador Personal,Madrid
Entrenadores Personales Madrid,"P.º de La Habana, 63, Planta 2, Chamartín, 28016 Madrid",+34 665 05 43 88,http://www.entrenadorespersonalesmadrid.com/,info@entrenadorespersonalesmadrid.com,Entrenador Personal,Madrid
HOME WELLNESS MADRID,"C. de Santo Domingo de Silos, 1, Chamartín, 28036 Madrid",+34 681 39 44 79,http://www.homewellnessmadrid.com/,info@homewellnessmadrid.com,Entrenador Personal,Madrid
RJ Personal Trainer Fitness Boutique,"C. de Juan Ramón Jiménez, 28, Local Izquierda, Chamartín, 28036 Chamartín, Madrid",+34 649 88 67 09,https://rjpersonaltrainer.com/,info@easyappcode.com,Entrenador Personal,Madrid
F4Trainers - Coslada,"Av. de José Gárate, 3, 28823 Coslada, Madrid",,https://www.f4trainers.com/,info@f4trainers.com,Entrenador Personal,Madrid
Israel Martínez- Entrenador Personal Madrid,"Av. del General Perón, 25, Tetuán, 28020 Madrid",+34 722 63 18 70,https://imtrainer.es/,info@imtrainer.es,Entrenador Personal,Madrid
Israel Martínez- Entrenador Personal Madrid,"C. de Omega, Vicálvaro, 28032 Madrid",+34 722 63 18 70,https://imtrainer.es/,info@imtrainer.es,Entrenador Personal,Madrid
Goal Training,"C. del Nardo, 5, Tetuán, 28029 Madrid",+34 722 34 05 97,https://goaltraining.es/,info@goaltraining.com,Entrenador Personal,Madrid
Inner Workout,"C/ de Feijóo, 5, local 2, Chamberí, 28010 Madrid",+34 687 48 43 82,https://innerworkout.es/,tuemail@gmail.com,Entrenador Personal,Madrid
BRAVO PERSONAL TRAINING,"Calle de Antonio Palomino, 1, Chamberí, 28015 Madrid",+34 672 34 70 96,https://bravopersonaltraining.my.canva.site/,nBravopersonaltraining@gmail.com,Entrenador Personal,Madrid
EmPawer Fitness | Gimnasio con Entrenador Personal,"Garaje verde, C. del Duque de Liria, 4, Centro, 28015 Madrid",+34 663 49 58 84,https://empawerfitness.com/,info@empawerfitness.com,Entrenador Personal,Madrid
FTR Centro de Entrenamiento Personal y Coworking,"C. de Andrés Mellado, 31, Chamberí, 28015 Madrid",+34 692 02 36 23,https://www.ftrfitness.es/,605a7baede844d278b89dc95ae0a9123@sentry-next.wixpress.com,Entrenador Personal,Madrid
FITNESS 360 - Entrenamiento Personal,"Calle de O'Donnell, 6, Retiro, 28009 Madrid",+34 690 76 28 50,https://www.instagram.com/360fitness_madrid/,,Entrenador Personal,Madrid
Entrenamiento Personal | Crostraining,"P.º del Marqués de Zafra, 38, Salamanca, 28028 Madrid",+34 605 41 39 37,https://app.harbiz.io/crosstrengthandconditioning/landing,,Entrenador Personal,Madrid
Entrenador Personal Madrid Trainer,"Esquina con, Calle Camerún, C. César Navarro, 28907 Getafe, Madrid",+34 608 06 54 73,https://madridtrainer.es/,info@madridtrainer.es,Entrenador Personal,Madrid
Entrenamiento Perfecto,"C/ del Alcalde Sainz de Baranda, 48, Retiro, 28009 Madrid",+34 679 30 64 56,http://www.entrenamientoperfecto.com/,entrenamientoperfecto@hotmail.com,Entrenador Personal,Madrid
Oh My Good - Entrenamiento personal Madrid I Malasaña,"Calle de Antonio Grilo, 12, Centro, 28015 Madrid",+34 660 12 90 64,http://www.ohmygood.club/,info@ohmygood.club,Entrenador Personal,Madrid
ENTRENATERAPIA - Entrenamientos Personalizados,"C. de Fermín Caballero, Fuencarral-El Pardo, 28034 Madrid",+34 664 08 78 65,http://www.entrenaterapia.com/,entrenaterapia@gmail.com,Entrenador Personal,Madrid
Atlética Woman Personal Training,"C. Joaquín Bau, 2, Chamartín, 28036 Madrid",+34 680 96 42 84,https://www.atleticapersonaltraining.com/,%20atleticawpt@gmail.com,Entrenador Personal,Madrid
Squmat - Centro de entrenamiento personal | Tetuán,"C. de Hernani, 49, local comercial, Tetuán, 28020 Madrid",+34 680 24 12 04,https://squmat.com/?utm_source=google&utm_medium=organic&utm_campaign=google-business-profile,info@squmat.com,Entrenador Personal,Madrid
Entrenamiento Personal Madrid,"C. de la Constancia, 21, Chamartín, 28002 Madrid",+34 679 50 84 81,http://www.entrenamientopersonal-madrid.com/,info@entrenamientopersonal-madrid.com,Entrenador Personal,Madrid
THE LAB MOVE,"P.º de La Habana, 137, Chamartín, 28036 Madrid",+34 662 42 41 29,http://thelabmove.com/,hola@thelabmove.com,Entrenador Personal,Madrid
