Nombre,Direccion,Telefono,Web,Email,Sector,Ubicacion
Dulce Belleza,"C. del Obispo Eijo de Garay, 14, 28100 Alcobendas, Madrid",+34 690 68 78 76,https://esteticadulcebelleza.es/,,estetica,Madrid
Tupiel,"C. de Dolores Ibárruri, 8, 28100 Alcobendas, Madrid",+34 916 62 69 46,https://www.estetica-tupiel.es/,contacto@estetica-tupiel.es,estetica,Madrid
Soldevilla Estética Centro Premium,"Av. de la Magia, 3, Local 1, 28100 Alcobendas, Madrid",+34 620 08 48 13,http://www.soldevillaestetica.es/,,estetica,Madrid
Sapphira Prive La Moraleja,"Av. de la Ermita, 2, LOCAL 1, 28108 Alcobendas, Madrid",+34 644 08 51 00,https://sapphiralamoraleja.es/,info@sapphiralamoraleja.com,estetica,Madrid
CLINICAS MEDICO ESTETICAS AMERICANA,"Av. de España, 4, 28100 Alcobendas, Madrid",+34 689 14 19 27,http://www.clinicaamericana.es/,,estetica,Madrid
Estética Susana Sánchez,"Calle de Fco. Largo Caballero, 6, 28100 Alcobendas, Madrid",+34 649 11 93 90,http://www.esteticasusanasanchez.com/,susanasanchez07@gmail.com,estetica,Madrid
"Mamá Chic | Estética y belleza | Especializado en manicura, pedicura, drenaje linfático y cuidado de cejas y pestañas","P.º de la Chopera, 204, 28100 Alcobendas, Madrid",+34 614 13 35 71,https://mamachicestetica.es/,mamachic.estetica@gmail.com,estetica,Madrid
Centro De Estética Body Silk,"C. de la Marquesa Viuda de Aldama, 74, 28100 Alcobendas, Madrid",+34 643 34 10 91,https://bodysilk.es/,centrobodysilk@gmail.com,estetica,Madrid
Maroka Estética Avanzada,"C. de Valdepalitos, 3, 28100 Alcobendas, Madrid",+34 633 12 15 24,https://marokaestetica.es/,,estetica,Madrid
"Sapphira Prive Alcobendas, Centro de Estética en Alcobendas.","P.º de Valdelasfuentes, 11, LOCAL 4, 28100 Alcobendas, Madrid",+34 669 02 94 33,http://www.sapphiraprivealcobendas.es/,,estetica,Madrid
"DERMAES, Clínica de Medicina Estética.","C. del Marqués de la Valdavia, 107, 28100 Alcobendas, Madrid",+34 664 44 46 98,https://www.dermaes.es/,,estetica,Madrid
TITA PÈREZ STUDIO,"C. de Huesca, 35, 28100 Alcobendas, Madrid",+34 641 93 24 20,https://instagram.com/titaperezstudio1?igshid=OGQ5ZDc2ODk2ZA==,,estetica,Madrid
Wolpert Estetica,"Carr. de Fuencarral, 56, FUENCARRAL), 56, 28108 Alcobendas, Madrid",+34 639 40 27 38,http://wolpertestetica.eu/,,estetica,Madrid
Ainhoa centro médico estetico,"Ainhoa centro médico estetico, P.º de la Chopera, 202, 28100 Alcobendas, Madrid",+34 646 47 09 72,,,estetica,Madrid
"Grupo Pedro Jaén - Clínica dermatológica, estética y capilar","La Moraleja, C. de la Estafeta, 8, Planta baja, 28109 Alcobendas, Madrid",+34 916 50 41 14,https://grupopedrojaen.com/ubicaciones/clinica-moraleja/,info@grupopedrojaen.com,estetica,Madrid
Paola zambrano medicina anti-aging y medicina estética avanzada,"Calle del Pintor Murillo, 29, 28100 Alcobendas, Madrid",+34 673 90 49 31,,,estetica,Madrid
Belash Beauty & Academy,"Avenida de Europa, 13 Centro Commercial La Moraleja Green Edificio Norte, Al lado de Supermercado Sanchez Romero, primero planta Local número NO-20, 28108 Alcobendas, Madrid",+34 640 50 91 83,http://www.belash.eu/,info@belash.eu,estetica,Madrid
vertebien estetica avanzada,"C. de Dolores Ibárruri, nº 17, 28100 Alcobendas, Madrid",+34 916 61 23 34,https://www.facebook.com/VERTEBIENALCOBENDAS/,,estetica,Madrid
Maravilia Estética Avanzada,"Av. de España, 3, 28100 Alcobendas, Madrid",+34 649 37 76 38,https://m.facebook.com/maraviliaestetica/?locale2=es_ES,,estetica,Madrid
Dermasana Alcobendas - Depilación láser alcobendas,"Av. Olímpica, 24, 28108 Alcobendas, Madrid",+34 911 08 11 99,https://dermasana.com/,dark-blue@2x.png,estetica,Madrid
Diamond Beauty - Centro de Estética,"C. de Santiago Apóstol, 7, 28100 Alcobendas, Madrid",+34 641 21 96 20,,,estetica,Madrid
Jess Estética 💅🏻 | Centro de Estética en Alcobendas,"Av. de la Zaporra, 25, 28100 Alcobendas, Madrid",+34 672 22 61 81,https://justvipglobal.com/jess-estetica-10/,,estetica,Madrid
Centro de Estética Mar,"C. del Tajo, 5, 28100 Alcobendas, Madrid",+34 916 54 52 23,https://www.vicalo.com/cem,,estetica,Madrid
SOLEIL Estética y Bronceado,"Av. Olímpica, 32, LOCAL 1, 28108 Alcobendas, Madrid",+34 916 61 78 10,http://www.soleilestetica.com/,,estetica,Madrid
Clínica Estética La Moraleja≫Azalea Medicalesthetics,"Cl. de la Azalea, 1, Edificio E, 28109 Alcobendas, Madrid",+34 917 04 84 26,https://azaleaesthetics.es/,azalea@azaleaesthetics.com,estetica,Madrid
Ohlalashbeautyhome,"C. de Arsenio Fuster, 1, local 7, 28100 Alcobendas, Madrid",+34 695 88 67 69,https://estrategiasdigitalesoficial.my.canva.site/ohlalash-beutyhome,,estetica,Madrid
Centro de Belleza Mery Vazquez,"P.º de Alcobendas, 10, 28109 Alcobendas, Madrid",+34 618 29 96 81,,,estetica,Madrid
Skin Club Madrid,"C. de la Marquesa Viuda de Aldama, 62, 28100 Alcobendas, Madrid",+34 722 57 24 68,https://www.skinclub.madrid/,,estetica,Madrid
Bellas Estética,"P.º de la Chopera, 53, Posterior, 28100 Alcobendas, Madrid",+34 607 74 56 00,https://treatwellpro.uala.es/,,estetica,Madrid
Artemanos,"C. de la Constitución, 19, 28100 Alcobendas, Madrid",+34 665 56 31 82,https://www.artemanos.es/,,estetica,Madrid
OPULENT ESTHETIC,"Av. de Bruselas, 9, LOCAL 1, 28108 Alcobendas, Madrid",+34 629 93 85 25,http://opulentesthetic.booksy.com/,,estetica,Madrid
Ilussion Nails & Beauty Fuente Lucha,"P.º de Fuente Lucha, 4, 28100 Alcobendas, Madrid",+34 919 29 52 91,https://linktr.ee/ilussionnailsbeauty,,estetica,Madrid
Láserum Alcobendas | Depilación Láser Diodo,"Av. de España, 14 Esquina, C. del Marqués de la Valdavia, 88, 28100 Alcobendas, Madrid",+34 628 28 02 90,https://laserum.com/centros-depilacion-laser/madrid/alcobendas/?utm_source=gbp&utm_medium=organic&utm_term=alcobendas,alcobendas@laserum.es,estetica,Madrid
CENTRO DE ESTETICA LUZ & BELLEZA,"C. del Concilio, 20, 28100 Alcobendas, Madrid",+34 911 72 96 59,,,estetica,Madrid
NEVA Piel & Huesos Clinic,"C. de la Libertad, 55, 28100 Alcobendas, Madrid",+34 677 80 56 50,https://www.treatwell.es/establecimiento/neva-piel-huesos-alcobendas/,,estetica,Madrid
Lidia Redondo,"Av. de Madrid, 59, 28100 San Sebastián de los Reyes, Madrid",+34 689 15 71 27,https://lidiaredondoestetica.com/,,estetica,Madrid
Centro de Estética Dermis Belleza Integral,"Centro Comercial La Viña, Av. de la Sierra, 24, 28701 San Sebastián de los Reyes, Madrid",+34 912 01 63 80,https://www.dermisbellezaintegral.com/,silcago@gmail.com,estetica,Madrid
Ópal Salón de Belleza,"C. de la Libertad, 52, 28100 Alcobendas, Madrid",+34 630 32 00 56,,,estetica,Madrid
Centro de Estética El Edén,"C. de Segovia, 1, 28100 Alcobendas, Madrid",+34 916 53 22 28,https://www.esteticaeleden.com/,,estetica,Madrid
Manila Look and Feel Good,"Av. Olímpica, 32, Local 9, 28108 Alcobendas, Madrid",+34 917 27 40 58,,,estetica,Madrid
Alma Life - Alcobendas,"P.º de Fuente Lucha, 20, 28100 Alcobendas, Madrid",+34 910 60 83 35,https://almalife.com/,,estetica,Madrid
Euroclinic Alcobendas,"C. de Mequinenza, 10, Bajo A y B, 28100 Alcobendas, Madrid",+34 916 53 94 74,http://www.euroclinicalcobendas.com/,euroclinic@euroclinicalcobendas.com,estetica,Madrid
Estética Susi Rial,"Pl. del Aliso, 3, 28100 Alcobendas, Madrid",+34 645 50 00 80,https://esteticasusirial.es/,,estetica,Madrid
Isidora Tu Centro De Belleza,"C. de Isabel Rosillo, 12, 28100 Alcobendas, Madrid",+34 671 25 87 82,,,estetica,Madrid
PELUQUERIA Y ESTÉTICA PACO VIVAGEM,"C. de Segovia, 17, 28100 Alcobendas, Madrid",+34 916 51 71 67,http://pacovivagem.com/,,estetica,Madrid
Nails Paradise,"P.º de la Chopera, 84, 28100 Alcobendas, Madrid",+34 910 73 46 27,https://www.nailsparadise.es/,,estetica,Madrid
Ilussion Nails & Beauty,"C. de Manuel de Falla, 81, 28100 Alcobendas, Madrid",+34 911 29 64 15,https://ilussionbeauty.com/,,estetica,Madrid
LUCILIU Belleza y Bienestar,"P.º de Alcobendas, 10, Local 2A - segunda planta, La Moraleja, 28109 Alcobendas, Madrid",+34 916 50 84 31,https://www.luciliu.com/,,estetica,Madrid
Sandra Hervaz - Estudio de Belleza,"C. de Manuel de Falla, 83, 28100 Alcobendas, Madrid",+34 614 30 01 24,https://www.sandrahervaz.com/,,estetica,Madrid
Centro Comercial Carrefour Alcobendas,"Carr. de Madrid a Burgos, A1, 28108 Alcobendas, Madrid",+34 914 90 89 00,http://www.cc-carrefour-alcobendas.com/,,estetica,Madrid
Una de las Nuestras Academy | Cursos de Estética,"Carr. de Fuencarral, 44, 28100 Alcobendas, Madrid",+34 619 26 88 47,http://bit.ly/2Kc4bZd,,estetica,Madrid
ESENCIA ESTUDIO DE BELLEZA ORGÁNICA,"C. de la Libertad, 22, 28100 Alcobendas, Madrid",+34 912 60 69 07,,,estetica,Madrid
Clínicas A. Querales,"Moraleja Green Edificio Norte, Av. de Europa, 13, Centro Comercial, 28108 Alcobendas, Madrid",+34 615 40 77 60,https://clinicasquerales.com/,info@clinicasquerales.com,estetica,Madrid
Clínica Valdelasfuentes,"C. del Marqués de la Valdavia, 107, 28100 Alcobendas, Madrid",+34 912 29 36 36,http://www.clinicavaldelasfuentes.com/,cita@clinicavaldelasfuentes.com,estetica,Madrid
Centros Icono Alcobendas,"Carrefour Alcobendas, Carr. de Madrid a Burgos, km 14, 5 C.C, 28108 Alcobendas, Madrid",+34 608 61 13 71,https://centrosicono.es/,sanse@centrosicono.es,estetica,Madrid
Dynamis Plus | Peluquería & Estética,"C. del Jarama, 1, 28100 Alcobendas, Madrid",+34 651 68 50 94,,,estetica,Madrid
Denova Pharmaceutical España,"C. de Francisco Gervás, 6, Oficina 4, 28108 Alcobendas, Madrid",+34 603 29 76 77,https://denovapharmaceutical.es/,info@denovapharmaceutical.es,estetica,Madrid
Templo Maderoterapia ~La Moraleja,"Comercial Bulevar de la Moraleja, P.º de Alcobendas, 10, Sótano - Centro, 28109 Alcobendas, Madrid",+34 617 75 43 98,https://www.cameliaflorian.com/,,estetica,Madrid
Peluquerías Madrigal Moraleja Green,"Av. de Europa, 12, 28108 Alcobendas, Madrid",+34 916 61 52 19,http://www.peluqueriasmadrigal.es/,,estetica,Madrid
Estética Club de Campo (Centro Médico estético),"Plaza de Antonio Cabezón, Local 10, Urbanización Club de Campo, 28706 San Sebastián de los Reyes, Madrid",+34 650 46 69 13,https://esteticaclubdecampo.com/,,estetica,Madrid
