Nombre,Direccion,Telefono,Web,Email,Sector,Ubicacion
El Jardín de la A6,"C. del Alto de las Cabañas, 6, local spa, 28231 Las Rozas de Madrid, Madrid",+34 605 44 25 73,,,Spa,Las Rozas
The Organic Spa,"Calle de Lagasca, 90, Salamanca, 28006 Madrid",+34 915 77 56 70,https://www.theorganicspamadrid.com/,reservas@theorganicspamadrid.com,Spa,Las Rozas
Spa Privado Madrid - Plaza Castilla,"Calle del Dr. Fleming, 60, B, Chamartín, 28036 Madrid",+34 672 33 23 11,http://www.privadospamadrid.es/,info@privadospamadrid.es,Spa,Las Rozas
Blossom Clinics Las Rozas,"Avenida de los Bomberos s/n. Ctra de la Coruña Km 22 C.C. El Pinar de, 28230 Las Rozas de Madrid, Madrid",+34 917 10 57 99,https://blossomclinics.es/,info@blossomclinics.es,Spa,Las Rozas
Forus Majadahonda Las Rejas,"C. Isaac Albéniz, 18, 28222 Majadahonda, Madrid",+34 607 75 58 55,https://forus.es/centros-forus/madrid/las-rejas-majadahonda/,infolasrejas@forus.es,Spa,Las Rozas
Centro estética Las Rozas Beauty Max,"C. Comunidad de Madrid, 41, Local 95, 28231 Las Rozas de Madrid, Madrid",+34 699 05 87 99,https://beautymaxlasrozas.es/,Beautymax.rozas@gmail.com,Spa,Las Rozas
MIRACLES Estética Natural Holística,"C. Estación, 6, 28231 Las Rozas de Madrid, Madrid",+34 602 60 34 37,https://miraclesnatura.com/,,Spa,Las Rozas
Hotel Attica21 Las Rozas,"C. Chile, 2, 28290 Las Rozas de Madrid, Madrid",+34 916 30 84 10,https://www.attica21hotels.com/gran-hotel-attica21-las-rozas/,cv@attica21hotels.com,Spa,Las Rozas
Sapphira Privé Las Rozas,"C. Camilo José Cela, 8, 28232 Las Rozas de Madrid, Madrid",+34 639 32 36 57,https://www.sapphiralasrozas.com/,info@sapphiralasrozas.com,Spa,Las Rozas
Forus Las Rozas,"C. Camilo José Cela, 2, 28232 Madrid",+34 916 40 25 40,https://forus.es/centros-forus/madrid/las-rozas/,infolasrozas@forus.es,Spa,Las Rozas
Wellness Boutique Experience,"C. de Campoamor, 5, Centro, 28004 Madrid",+34 917 37 35 95,https://www.wellnessmadrid.com/,info@wellnessmadrid.com,Spa,Las Rozas
Hoteles Para Parejas Madrid - Hotel Los Peñascales,"C. Apeadero, 44, 28290 Las Rozas de Madrid, Madrid",+34 916 30 85 05,http://www.hotellospenascales.es/,,Spa,Las Rozas
The Spa at Four Seasons Hotel Madrid,"C. de Sevilla, 3, Centro, 28014 Madrid",+34 910 88 33 33,https://www.fourseasons.com/madrid/spa/?utm_source=google&utm_medium=organicsearch&utm_campaign=tor-mmd-spa-mid-seo-na&utm_content=na-na&utm_term=na,,Spa,Las Rozas
Hotel Plaza Las Matas,"C. Martín Iriarte, 2F, 28290 Las Rozas de Madrid, Madrid",+34 657 81 95 20,http://www.hotelplazalasmatas.com/,reservas@hotelplazalasmatas.com,Spa,Las Rozas
Amerissis,"C. de Soria, 10, Local, 28231 Las Rozas de Madrid, Madrid",+34 916 37 95 80,https://www.amerissis.es/,,Spa,Las Rozas
CENTRO DE ESTETICA ALEJANDRA EN LAS ROZAS,"Calle de la Comunidad de Madrid 37 LOCAL-167 BurgoCentro II Europolis, 28231 Las Rozas de Madrid, Madrid",+34 639 23 60 71,https://centro-de-estetica-alejandra.webnode.es/,,Spa,Las Rozas
Gravity Zero ı Urban Spa,"Av. Isabel de Farnesio, 34, 28660 Boadilla del Monte, Madrid",+34 660 08 01 52,http://www.gzerourbanspa.com/,cropped-favicon-gzero@2x-32x32.png.webp,Spa,Las Rozas
Armoni Belleza,"C. Camilo José Cela, 4, C, 28232 Las Rozas de Madrid, Madrid",+34 623 20 41 93,https://armonibelleza.es/,armonibelleza@gmail.com,Spa,Las Rozas
Madrid Aquagrup - Aquavia Spa y Jacuzzi para Exterior e Interior,"C. Módena, 3, Európolis, 28232 Las Rozas de Madrid, Madrid",+34 919 34 73 50,https://aquagrup.es/,info@aquagrup.es,Spa,Las Rozas
CENTRO BRONCEADO SOLMANIA | Centro Médico Estético SOHO,"C. Belgrado, 45, 28232 Las Rozas de Madrid, Madrid",+34 608 12 39 40,https://sohoo.beauty/,,Spa,Las Rozas
Criolipolisis Madrid - Dra. Mariela Barroso,"C. Copenhague, 12, Európolis, 28232 Las Rozas de Madrid, Madrid",+34 627 54 04 59,https://www.clinicareabel.com/?utm_source=google&utm_medium=gbp,info@clinicareabel.com,Spa,Las Rozas
Clinica Reabel - Medicina Estética,"C. Copenhague, 12, Európolis, 28232 Las Rozas de Madrid, Madrid",+34 627 54 04 59,https://www.clinicareabel.com/?utm_source=google&utm_medium=gbp,info@clinicareabel.com,Spa,Las Rozas
Madrid Sol y Agua,"C. de la Infanta Mercedes, 36, 38- BAJO, Tetuán, 28020 Madrid",+34 914 25 07 20,http://www.madridsolyagua.com/,,Spa,Las Rozas
Adoro Bella,"av comunidad de madrid 37 local 116 c.c, Burgocentro 2, 28231 Las Rozas de Madrid, Madrid",+34 614 30 66 83,,,Spa,Las Rozas
Be Beauty Las Rozas,"C. Boj, 28231 Las Rozas de Madrid, Madrid",+34 686 70 83 91,https://www.be-beauty.es/centros/be-beauty-las-rozas/,franquicias@be-beauty.es,Spa,Las Rozas
Laserys Las Rozas,"C. Bruselas, 36B, 28232 Las Rozas de Madrid, Madrid",+34 913 40 04 93,https://lasrozas.centroslaserys.com/,lasrozas@centroslaserys.com,Spa,Las Rozas
Esenzias,"C. de la Cruz, 28, Centro, 28012 Madrid",+34 915 22 46 40,http://www.esenzias.es/,reservas@esenzias.es,Spa,Las Rozas
Salvador Menéndez,"C. Gran Vía, 40, 1º A, 28220 Majadahonda, Madrid",+34 916 34 36 29,http://salvadormenendez.com/,info@salvadormenendez.com,Spa,Las Rozas
"SAMAY the natural beauty room (estetica de uñas, pestañas, depilacion hilo y cera)","calle Real 51, local 14 «Galería comercial de las rozas», 28230 Las Rozas de Madrid, Madrid",+34 681 80 22 07,http://www.instagram.com/samay_las_rozas/,,Spa,Las Rozas
Masajes en Majadahonda,"C. Las Norias, 25, 28220 Majadahonda, Madrid",+34 911 15 49 35,http://www.masajesenmajadahonda.es/,informacion@terapiadelrelax.es,Spa,Las Rozas
Masaje Arte. Giselle Miró,"C. Comunidad de Madrid, 37, 28231 Las Rozas de Madrid, Madrid",+34 699 36 71 00,,,Spa,Las Rozas
DUIN Las Rozas | Gimnasio en Las Rozas - Madrid,"Av. España, 3, 28231 Las Rozas de Madrid, Madrid",+34 916 34 59 93,https://www.duinclub.com/club/gimnasio-duin-las-rozas/,recepcion@lasrozas.duinclub.com,Spa,Las Rozas
Magic Body | Centro Indiba y Rejuvenecimiento No Invasivo,"Av. Dr. Marañón, 17, planta 3, puerta B, 28220 Majadahonda, Madrid",+34 692 59 24 94,https://rejuvenecimientomajadahonda.es/,info@rejuvenecimientomajadahonda.es,Spa,Las Rozas
Exe Gran Hotel Almenar,"C. Jaraíz, 1, 28290 Madrid",+34 916 30 81 28,https://www.eurostarshotels.com/exe-gran-hotel-almenar.html?referer_code=lb0gg00yx&utm_source=google&utm_medium=business&utm_campaign=lb0gg00yx,info@exegranhotelalmenar.com,Spa,Las Rozas
A domicilio Clara Spa,"Av. del Guadarrama, 3, 28229 Villanueva del Pardillo, Madrid",+34 621 32 07 91,,,Spa,Las Rozas
Lunnails Beauty Studio,"C. Comunidad de Madrid, 37 local 109, Burgocentro II, 28231 Las Rozas de Madrid, Madrid",+34 630 01 28 53,https://lunnails.com/,lunnailslasrozas@gmail.com,Spa,Las Rozas
Parque París,"Av. España, s/n, 28231 Las Rozas de Madrid, Madrid",,http://www.lasrozas.es/,,Spa,Las Rozas
Hotel Majadahonda,"Carr. de Boadilla, 7, 300, 28222 Majadahonda, Madrid",+34 916 38 21 22,http://www.hotelmajadahonda.com/,recepcion@hotelmajadahonda.com,Spa,Las Rozas
Yin Yang Health,"Av. España, 135, 28231 Las Rozas de Madrid, Madrid",+34 677 80 91 17,http://www.yinyanhealth.es/,,Spa,Las Rozas
SANTUM Health & Beauty,"Ctra. de Pozuelo, 48, Local 1, 28222 Majadahonda, Madrid",+34 916 02 71 73,http://www.santum.es/,info@santum.es,Spa,Las Rozas
Madrid Day Spa by Nuilea,"C. del León, 4, Centro, 28014 Madrid",+34 910 66 38 15,https://madrid-day-spa.com/,info@madrid-day-spa.com,Spa,Las Rozas
Acosta Nails Las Rozas,"Avenida de Atenas 75, Local 1-19 C.C. El Zoco De Monterrozas, 28232 Las Rozas de Madrid, Madrid",+34 649 34 42 67,http://www.acostanails.es/,,Spa,Las Rozas
Nails Las Rozas C.C. Style Outlet Factory,"The Style Outlets, C/ Pablo Neruda, S/N, C.C, 28232 Las Rozas de Madrid, Madrid",+34 653 88 59 97,,,Spa,Las Rozas
A tu Aire,"C. Castillo de Belmonte, 2, 28232 Las Rozas de Madrid, Madrid",+34 664 63 03 63,http://www.esteticaatuaire.com/,,Spa,Las Rozas
Hotel Sefutbol,"Ciudad del Fútbol. Avenida de Esparta, s/n, 28232 Las Rozas de Madrid, Madrid",+34 914 95 98 50,https://hotel-sefutbol.marketinghotelero.top/,,Spa,Las Rozas
Goccia Spa Las Rozas,"C. del Cabo Rufino Lázaro, 6, 28232 Las Rozas de Madrid, Madrid",+34 913 13 52 22,https://www.gocciaspa.com/,info@gocciaspa.com,Spa,Las Rozas
Hotel Hospes Puerta Alcalá,"Pl. de la Independencia, 3, Salamanca, 28001 Madrid",+34 600 45 94 22,https://www.hospes.com/es/puerta-alcala/,palaciosanesteban@hospes.com,Spa,Las Rozas
Forus Golf Las Rejas,"C. Isaac Albéniz, 77, 28222 Majadahonda, Madrid",+34 607 75 60 72,https://forus.es/centros-forus/madrid/las-rejas-majadahonda/,infolasrejas@forus.es,Spa,Las Rozas
Centro de Estetica Ana Maria,"C. Wisteria, 23E, 28232 Las Rozas de Madrid, Madrid",+34 914 21 40 69,,,Spa,Las Rozas
Ultracell BY Martha Marin,"C. Comunidad de Madrid, C.C Burgo centro1, 41, Local 98, 28231 Las Rozas de Madrid, Madrid",+34 655 71 17 39,https://www.ultracellestetica.es/,ultracellestetica@gmail.com,Spa,Las Rozas
Katerina Beauty Spa,"C. Gran Vía, 33, 28220 Majadahonda, Madrid",,https://www.katerinalashes.es/,,Spa,Las Rozas
Esencia Spa Madrid EUESPA,"Av. de Portugal, 173 Bis, Latina, 28011 Madrid",+34 681 08 07 79,https://cursodemasajemadrid.com/,esenciaspamadrid@gmail.com,Spa,Las Rozas
Centro de Estética Rosa Galán,"C. Esperanza, 11, 28231 Las Rozas de Madrid, Madrid",+34 608 70 67 42,http://rosagalanbelleza.es/,,Spa,Las Rozas
Spa Facial Exprés,"C. Tesalia, 28232 Las Rozas de Madrid, Madrid",+34 626 45 62 19,,,Spa,Las Rozas
Terapia del Relax,"Av. España, 26, 28220 Majadahonda, Madrid",+34 611 61 47 91,http://www.terapiadelrelax.es/Oferta-Masajes/,informacion@terapiadelrelax.es,Spa,Las Rozas
Centro Holístico Nüwa,"C. Real, 50, 28231 Las Rozas de Madrid, Madrid",+34 917 10 36 33,https://www.nuwa.es/,info@nuwa.es,Spa,Las Rozas
SANDRA LORENZO - Microblading | Micropigmentación,"C. Comunidad de Madrid, 37, CC Burgocentro 2, Local 96, 28231 Las Rozas de Madrid, Madrid",+34 666 65 40 74,,,Spa,Las Rozas
The Silk And Soul Estetica,"C. de Puerto Rico, 6, local 5, 28220 Majadahonda, Madrid",+34 672 14 79 80,https://thesilkandsoul.es/,michydan@gmail.com,Spa,Las Rozas
Golden spa Madrid,"C. Sta. Rosa, 1, 28220 Majadahonda, Madrid",+34 643 39 19 98,,,Spa,Las Rozas
La Bella Leda Uñas y Estética en Las Rozas,"C. la Mar Oceana, 4, 28231 Las Rozas de Madrid, Madrid",+34 646 21 46 08,https://instagram.com/labellaleda?utm_medium=copy_link,,Spa,Las Rozas
