Nombre,Direccion,Telefono,Web,Email,Sector,Ubicacion
HAMMAM by IlusSion,"P.º de Alcobendas, 10, 36-3, 28109 Madrid",+34 919 29 63 95,https://hammam-ilussion.com/,john@doe.com,Spa,Alcobendas
Samadhi Masaje erÃ³tico en Alcobendas/Erotic massageâ­ï¸â­ï¸â­ï¸â­ï¸â­ï¸,"Av. del Dr. Severo Ochoa, 7, Local C, 28100 Alcobendas, Madrid",+34 911 25 97 80,https://www.samadhimasajes.com/madrid/,,Spa,Alcobendas
Manila Look and Feel Good,"Av. Olímpica, 32, Local 9, 28108 Alcobendas, Madrid",+34 917 27 40 58,,,Spa,Alcobendas
Spa Privado Madrid - Plaza Castilla,"Calle del Dr. Fleming, 60, B, Chamartín, 28036 Madrid",+34 672 33 23 11,http://www.privadospamadrid.es/,info@privadospamadrid.es,Spa,Alcobendas
Kamai Spa - Spa Privado en Madrid - Plaza Castilla,"C. del Nardo, 2, local 13, Tetuán, 28029 Madrid",+34 640 56 47 11,https://kamaispa.com/?utm_source=google&utm_medium=mybusiness&utm_campaign=mybusiness&utm_content=kamai,info@kamaispa.com,Spa,Alcobendas
Ciudad Deportiva Valdelasfuentes,"C. de Miguel de Cervantes, s/n, 28100 Alcobendas, Madrid",+34 916 58 71 10,https://www.alcobendas.org/es/ayuntamiento/equipamiento-municipal/ciudad-deportiva-valdelasfuentes,,Spa,Alcobendas
Hammam Al Ãndalus Madrid Plaza Mayor,"C. de Atocha, 14, Centro, 28012 Madrid",+34 914 29 90 20,https://madrid.hammamalandalus.com/?utm_source=google-mybusiness&utm_medium=gmb-organico&utm_campaign=general-sitio-web-202509&utm_content=enlace-texto,,Spa,Alcobendas
TITA PÈREZ STUDIO,"C. de Huesca, 35, 28100 Alcobendas, Madrid",+34 641 93 24 20,https://instagram.com/titaperezstudio1?igshid=OGQ5ZDc2ODk2ZA==,,Spa,Alcobendas
Amazônia Massage,"El Encinar de los Reyes, C. del Camino del Cura, 10, Centro Comercial, 28109 Alcobendas, Madrid",+34 632 85 55 45,https://amazonia-group.com/,info@amazonia-group.com,Spa,Alcobendas
Hotel Amura Alcobendas,"Av. de Valdelaparra, 2, 28100 Alcobendas, Madrid",+34 917 87 45 45,https://www.hotelamura.com/,reservas@hotelamura.com,Spa,Alcobendas
Flotexperience,"C. Campo de la Estrella, 7, Fuencarral-El Pardo, 28050 Madrid",+34 911 73 75 40,http://www.flotexperience.es/,info@flotexperience.es,Spa,Alcobendas
"Spa The Beauty Concept en Mandarín Oriental Ritz, Madrid","Pl. de la Lealtad, 5, Retiro, 28014 Madrid",+34 917 01 67 60,https://thebeautyconcept.com/spa-tbc/,mrmad-spa@mohg.com,Spa,Alcobendas
"Thermas de Griñón, balneario madrid","Carretera de Torrejón de la Calzada a Griñón, Km. 3, 2000, 28971 Madrid",+34 918 10 35 26,http://www.thermasdegrinon.com/,,Spa,Alcobendas
GO fit Oficinas centrales,"Ed. 6, 28108 Alcobendas, Madrid",+34 913 98 59 90,http://www.go-fit.es/,clientes@go-fit.es,Spa,Alcobendas
Soldevilla Estética Centro Premium,"Av. de la Magia, 3, Local 1, 28100 Alcobendas, Madrid",+34 620 08 48 13,http://www.soldevillaestetica.es/,info@soldevillaestetica.es,Spa,Alcobendas
Madrid Sol y Agua,"C. de la Infanta Mercedes, 36, 38- BAJO, Tetuán, 28020 Madrid",+34 914 25 07 20,http://www.madridsolyagua.com/,,Spa,Alcobendas
Peluquería Spa Maja,"Calle constitución, C. Sil, esquina, 28100 Alcobendas, Madrid",+34 640 93 47 62,,,Spa,Alcobendas
Shannel NutriEsthetic,"La Moraleja Club de Padel, Av. de Bruselas, 29, 28108 Madrid",+34 686 64 05 31,,,Spa,Alcobendas
Masajes el Edén Alcobendas,"C. del Duero, C. del Tajo, 8, Esq, 28100 Alcobendas, Madrid",+34 641 04 55 58,,,Spa,Alcobendas
Body Massage by José Sanz,"Av. de Tenerife, 23, 28703 San Sebastián de los Reyes, Madrid",+34 606 55 76 00,https://bodymassagebyjosesanz.es/,,Spa,Alcobendas
"DERMAES, Clínica de Medicina Estética.","C. del Marqués de la Valdavia, 107, 28100 Alcobendas, Madrid",+34 664 44 46 98,https://www.dermaes.es/,,Spa,Alcobendas
Lidia Redondo,"Av. de Madrid, 59, 28100 San Sebastián de los Reyes, Madrid",+34 689 15 71 27,https://lidiaredondoestetica.com/,esteticamakeuplr@gmail.com,Spa,Alcobendas
Wolpert Estetica,"Carr. de Fuencarral, 56, FUENCARRAL), 56, 28108 Alcobendas, Madrid",+34 639 40 27 38,http://wolpertestetica.eu/,wolpertesteticamadrid@gmail.com,Spa,Alcobendas
Spa Beldon Wellness BLESS Hotel Madrid,"Calle Velázquez, 62, Salamanca, 28001 Madrid",+34 914 20 31 95,https://www.beldonbeauty.com/beldon-bless/,,Spa,Alcobendas
Lush Spa Madrid,"C. del Carmen, 24, Centro, 28013 Madrid",+34 915 32 76 67,https://www.lush.com/es/es,,Spa,Alcobendas
Dulce Belleza,"C. del Obispo Eijo de Garay, 14, 28100 Alcobendas, Madrid",+34 690 68 78 76,https://esteticadulcebelleza.es/,,Spa,Alcobendas
Zagros Sports La Moraleja,"Av. Olímpica, 4, 28108 Alcobendas, Madrid",+34 916 62 40 12,https://zagrossports.com/?utm_source=google&utm_medium=organic&utm_campaign=gbp,recepcion.lm@zagrossports.com,Spa,Alcobendas
Local Swinger Liberal Madrid Divernis,"Calle de Alcántara, 54, Salamanca, 28006 Madrid",+34 626 06 01 23,http://www.divernis.com/,,Spa,Alcobendas
Polaris uñas,"C. de Manuel de Falla, 89, 28100 Alcobendas, Madrid",+34 642 38 00 65,,,Spa,Alcobendas
Centro de Estética El Edén,"C. de Segovia, 1, 28100 Alcobendas, Madrid",+34 916 53 22 28,https://www.esteticaeleden.com/,info@esteticaeleden.com,Spa,Alcobendas
Bellas Estética,"P.º de la Chopera, 53, Posterior, 28100 Alcobendas, Madrid",+34 607 74 56 00,https://treatwellpro.uala.es/,,Spa,Alcobendas
vertebien estetica avanzada,"C. de Dolores Ibárruri, nº 17, 28100 Alcobendas, Madrid",+34 916 61 23 34,https://www.facebook.com/VERTEBIENALCOBENDAS/,,Spa,Alcobendas
Armony Bmc,"C. del Marqués de la Valdavia, 83, 28100 Alcobendas, Madrid",+34 641 50 62 33,https://armonybmc.es/,info@armonybmc.es,Spa,Alcobendas
Centro De Estética Body Silk,"C. de la Marquesa Viuda de Aldama, 74, 28100 Alcobendas, Madrid",+34 643 34 10 91,https://bodysilk.es/,centrobodysilk@gmail.com,Spa,Alcobendas
Diamond Beauty - Centro de Estética,"C. de Santiago Apóstol, 7, 28100 Alcobendas, Madrid",+34 641 21 96 20,,,Spa,Alcobendas
Hotel Eurostars Gran Madrid,"Av. de la Vega, 22, 28108 Alcobendas, Madrid",+34 912 00 84 84,http://www.eurostarshotels.com/eurostars-gran-madrid.html?referer_code=lb0gg00yx&utm_source=google&utm_medium=business&utm_campaign=lb0gg00yx,reservas@eurostarsgranmadrid.com,Spa,Alcobendas
Eurostars Madrid Congress,"Avenida de la Transición Española, Parque Empresarial Omega, A-1, 22, salida 17, 28108 Alcobendas, Madrid",+34 911 84 25 00,https://www.eurostarshotels.com/eurostars-madrid-congress.html?referer_code=lb0gg00yx&utm_source=google&utm_medium=business&utm_campaign=lb0gg00yx,reservas@eurostarsmadridcongress.com,Spa,Alcobendas
Centro Deportivo La Viña - Sanse Deporte,"Av. de la Sierra, 24, 28701 San Sebastián de los Reyes, Madrid",+34 916 51 93 61,https://sansedeporte.com/,comunicacion@gruponordestada.es,Spa,Alcobendas
LUCILIU Belleza y Bienestar,"P.º de Alcobendas, 10, Local 2A - segunda planta, La Moraleja, 28109 Alcobendas, Madrid",+34 916 50 84 31,https://www.luciliu.com/,,Spa,Alcobendas
Polideportivo Municipal de Alcobendas José Caballero,"Av. de la Transición Española, s/n, 28108 Alcobendas, Madrid",+34 916 58 71 10,https://www.alcobendas.org/es/ayuntamiento/equipamiento-municipal/polideportivo-municipal-de-alcobendas-jose-caballero,,Spa,Alcobendas
Flamingo's Nailz,"P.º de la Chopera, 122, 28100 Alcobendas, Madrid",+34 623 03 18 43,https://instagram.com/flamingos_nailz?igshid=bvqmsf15r4wy,,Spa,Alcobendas
Hotel uVe Alcobendas,"Blvr. de Salvador Allende, 10, 28108 Alcobendas, Madrid",+34 916 52 46 00,http://www.uvehoteles.com/,alcobendas@uvehoteles.com,Spa,Alcobendas
CLÃNICA D'OR - MADRID,"C. del Jarama, 12, 28100 Alcobendas, Madrid",+34 651 92 74 23,https://clinicasdor.es/#,,Spa,Alcobendas
Peluquería Orgánica Y Estética Vera Rocha,"C. de Manuel Serrano Frutos, 4, 28100 Alcobendas, Madrid",+34 680 49 21 97,https://verarocha.com/,info@nersport.com,Spa,Alcobendas
Nails Paradise,"P.º de la Chopera, 84, 28100 Alcobendas, Madrid",+34 910 73 46 27,https://www.nailsparadise.es/,,Spa,Alcobendas
BioSpa,"Calle de Velázquez, 138 Planta baja (en Reto 48, Chamartín, 28006 Madrid",+34 680 93 36 33,http://biospa.es/,,Spa,Alcobendas
Spaxión Madrid,"Calle Poeta Joan Maragall, P.º de la Castellana, 30, Tetuán, 28020 Madrid",+34 654 13 44 84,https://spaxion.com/nuestroscentros/spaxion-madrid/,spaxionmadrid@spaxion.com,Spa,Alcobendas
DEPILO CON HILOS & NAILS,"Av. de Bruselas, 9, 28108 Alcobendas, Madrid",+34 629 93 85 25,http://opulentesthetic.booksy.com/,info.es@booksy.com,Spa,Alcobendas
VP Biloba Spa,"Plaza de España, 3, Centro, 28008 Madrid",+34 915 95 55 11,http://bilobaspavp.com/,bilobaspa@vphoteles.com,Spa,Alcobendas
Beauty studio Kathleen Valencia,"C. de la Constitución, 4, 28100 Alcobendas, Madrid",+34 691 44 17 44,https://www.beautystudiokathleenvalencia.es/,kjane061@gmail.com,Spa,Alcobendas
Jess EstÃ©tica ğŸ’…ğŸ» | Centro de EstÃ©tica en Alcobendas,"Av. de la Zaporra, 25, 28100 Alcobendas, Madrid",+34 672 22 61 81,https://justvipglobal.com/jess-estetica-10/,,Spa,Alcobendas
FREYA Depilación láser y estética avanzada,"C. del Marqués de la Valdavia, 95, 28100 Alcobendas, Madrid",+34 917 64 85 06,https://freyadepilacion.es/,info@freyadepilacion.es,Spa,Alcobendas
Livensa Living Studios Madrid Alcobendas,"Av. del Monte Valdelatas, 40, 28108 Alcobendas, Madrid",,https://livensalivingstudios.com/alojamiento-alcobendas-studios/?utm_source=gmb&utm_medium=organico&utm_campaign=local-business&utm_content=link_reserva_alcob,reservas.madrid-alcobendas@livensalivingstudios.com,Spa,Alcobendas
We/On La Moraleja,"Av. de Bruselas, 21, 28100 Madrid",+34 914 90 03 60,https://www.weonclub.com/,c0d42876071a74e106495fa31eb50e51@sentry-2024.rsb-server.com,Spa,Alcobendas
Beauty Spa Color Y Uñas,"C. Emigrantes, 13, local 2A, Hortaleza, 28043 Madrid",+34 624 60 64 52,https://beautyspasalon.es/,coloryunas.madrid@gmail.com,Spa,Alcobendas
Urban Nails,"Calle de Cuestablanca, 10 Centro comercial, Cuesta Blanca, Local 10, 28108 Alcobendas, Madrid",+34 916 50 44 56,https://thelmamelobeauty.es/,Thelmix75@hotmail.com,Spa,Alcobendas
lisa uñas PROFESIONAL,"C. de la Constitución, 3, 28100 Alcobendas, Madrid",+34 685 81 81 05,,,Spa,Alcobendas
Centro de Estética Dermis Belleza Integral,"Centro Comercial La Viña, Av. de la Sierra, 24, 28701 San Sebastián de los Reyes, Madrid",+34 912 01 63 80,https://www.dermisbellezaintegral.com/,silcago@gmail.com,Spa,Alcobendas
THE GALLERY of beauty,"Paseo de Fuente Lucha/, C. de la Fantasía, 28100 Alcobendas, Madrid",+34 912 41 76 76,https://thegallery.cool/,contacto.thegallery@gmail.com,Spa,Alcobendas
ğ‘ ğ™ºğšŠğš•ğš˜ğš™ğšœğš’ğšŠ ğ‘ ğƒÃ©ğ£ğšğ¦ğ ğœğ®ğ¢ğğšğ«ğ­ğ ğ‘ ğšğš’ğšğšğšŠğš•ğšœ ğš‚ğš™ğšŠ,"C. Zeus, 11, 28850 TorrejÃ³n de Ardoz, Madrid",+34 641 33 40 63,https://trea.tw/XcrgRT,inkrosenoire7@gmail.com,Spa,Alcobendas
