Nombre,Direccion,Telefono,Web,Email,Sector,Ubicacion
Pons Psicología,"C de Víctor de la Serna, 22, Bajo izquierda, Chamartín, 28016 Madrid",+34 613 07 09 55,https://ponspsicologia.com/,info@ponspsicologia.com,psicologo,Madrid
Belén Pallarés: psicología y salud,"Av. de Alfonso XIII, 154, Chamartín, 28016 Madrid",+34 675 51 96 21,http://www.belenpallares.com/,,psicologo,Madrid
Tu Psicoterapia,"C. de Eugenio Salazar, 14, Chamartín, 28002 Madrid",+34 685 15 23 05,http://www.tupsicoterapiamadrid.com/,info@tupsicoterapiamadrid.com,psicologo,Madrid
PSICOTEP,"C. de Marcenado, 14, Chamartín, 28002 Madrid",+34 644 71 97 25,https://psicotep.com/,contacto@psicotep.com,psicologo,Madrid
María Moragón Psicóloga,"Av. de Pío XII, 92, Edificio A Planta 1 Oficina 5, Chamartín, 28036 Madrid",+34 609 83 14 54,https://www.mariamoragonpsicologa.com/es/?utm_source=gmb&utm_medium=organic&utm_campaign=google-my-business,mmoragon@cop.es,psicologo,Madrid
Psicologia y Bienestar,"C. de Chile, 27, 1ºa, Chamartín, 28016 Madrid",+34 667 48 12 30,https://psicologiaybienestar.es/,I_estaun@imagen10.com,psicologo,Madrid
Hospital de Día Adultos MENSALUD Psiquiatría y Psicología en Madrid,"C. de Uruguay, 11, Chamartín, 28016 Madrid",+34 914 13 74 02,http://mensalud.com/,info@mensalud.com,psicologo,Madrid
El Viso Psicólogos,"Calle del Príncipe de Vergara, 207, Portal 3, Bajo 5, Chamartín, 28002 Madrid",+34 686 00 44 93,https://elvisopsicologos.com/,info@elvisopsicologos.com,psicologo,Madrid
"Equipo Actúa, Psicología Y Salud","C. del Pintor Ribera, 2 Ss. Izquierda, Chamartín, 28016 Madrid",+34 650 62 90 86,https://equipoactua.com/,equipoactua@gmail.com,psicologo,Madrid
Psicóloga Marta Ayuso de Vega,"Av. de Alberto Alcocer, 8, Chamartín, 28036 Madrid",+34 630 46 82 64,https://www.psicologiamartaayuso.com/,,psicologo,Madrid
AITTA Psicología Infanto Juvenil,"C de Víctor de la Serna, 17, 1ºd, Chamartín, 28016 Madrid",+34 914 67 44 32,http://www.aitta.es/,info@aitta.es,psicologo,Madrid
Nuestro Psicólogo - Gerardo Castaño,"Calle de Modesto Lafuente, 12, Chamberí, 28010 Madrid",+34 687 46 69 46,https://nuestropsicologoenmadrid.com/?utm_source=google&utm_medium=google_business_profile&utm_campaign=boton_web_modesto_lafuente,nuestropsicologo.citas@gmail.com,psicologo,Madrid
Psicóloga y Sexóloga SILVIA SANZ,"Calle de Diego de León, 27, 1Izq, Salamanca, 28006 Madrid",+34 644 79 43 49,https://silviasanzpsicologa.com/,info@silviasanzpsicologa.com,psicologo,Madrid
Ros Psicología,"C. de Víctor Andrés Belaunde, 52, Chamartín, 28016 Madrid",+34 627 24 50 48,http://www.rospsicologia.com/,info@rospsicologia.com,psicologo,Madrid
Centro de Psicología Psintegra Psicólogos,"C. de Mantuano, 32, Chamartín, 28002 Madrid",+34 634 49 20 15,https://www.centropsintegra.com/,administrador@centropsintegra.com,psicologo,Madrid
Symbol Psicologia,"C. de Uruguay, 13, Chamartín, 28016 Madrid",+34 636 85 80 86,http://www.symbolpsicologia.com/,info@symbolpsicologia.com,psicologo,Madrid
Libertia Psicología,"C. de Oruro, 11, 1º B, Chamartín, 28016 Madrid",+34 634 56 63 63,https://www.libertiapsicologia.com/,user@domain.com,psicologo,Madrid
Bayli Centro de Psicología,"C/ de San Ernesto, 16, Chamartín, 28002 Madrid",+34 685 69 17 02,http://psicologiabayli.com/,consulta@psicologiabayli.com,psicologo,Madrid
"Dra. Ilaria Corbella, Psicólogo","C. de Chile, 15, Chamartín, 28016 Madrid",+34 671 21 61 75,https://www.doctoralia.es/ilaria-corbella/psicologo/madrid?utm_source=google&utm_medium=gmb&utm_campaign=140369&utm_content=website,soporte@doctoralia.com,psicologo,Madrid
En Equilibrio Mental psicología basada en evidencia,"Calle de Diego de León, 51, 1od, Salamanca, 28006 Salamanca, Madrid",+34 652 47 28 31,https://enequilibriomental.net/gabinete-psicologico-madrid,contacto@enequilibriomental.net,psicologo,Madrid
CISAF Gabinete de Psicología,"C. de Nicaragua, 3, Chamartín, 28016 Madrid",+34 687 50 65 32,http://www.madrid-psicologos.com/,,psicologo,Madrid
Instituto de Psicología Psicode,"C. de Miguel Ángel, 7, 1º B, Chamberí, 28010 Madrid",+34 910 00 02 09,http://www.institutopsicode.com/,clinica@institutopsicode.com,psicologo,Madrid
Centro Psicológico SMC,"C. de Cartagena, 103, 1d, Chamartín, 28002 Madrid",+34 662 01 68 80,https://centropsicologicosmc.com/,centropsicologicosmc@gmail.com,psicologo,Madrid
SUPIHA PSICÓLOGOS,"Av. de Alfonso XIII, 25, Chamartín, 28002 Madrid",,http://www.supiha.com/,info@supiha.com,psicologo,Madrid
Atención Psicólogica. Psicóloga,"C. de los Madrazo, 28, Centro, 28014 Madrid",+34 634 50 88 99,http://www.psicologamadridcentro.com/,,psicologo,Madrid
PSICOLOGO,"Av del Cardenal Herrera Oria, 167, local 1-1, Fuencarral-El Pardo, 28034 Madrid",+34 628 59 21 92,http://psicologodemadrid.org/,,psicologo,Madrid
Nuestro Psicólogo - Diego de León,"Calle del General Díaz Porlier, 103, Salamanca, 28006 Madrid",+34 687 46 69 46,https://nuestropsicologoenmadrid.com/centros/psicologos-madrid-diego-de-leon/?utm_source=google&utm_medium=google_business_profile&utm_campaign=boton_web_diego_deleon,nuestropsicologo.citas@gmail.com,psicologo,Madrid
Ana Rodrigo Psicología,"Av. de Alfonso XIII, 154, Chamartín, 28016 Madrid",+34 645 97 61 20,https://www.anarodrigopsicologia.es/,anarodrigo.psicologa@gmail.com,psicologo,Madrid
"Cristina Moreno García-Conde, Psicólogo","C. de la Infanta María Teresa, 6, Chamartín, 28016 Madrid",,https://www.cristinamorenopsicologia.com/,,psicologo,Madrid
CG Psicología (Carolina García) - Perinatal y trastornos de ansiedad. Presencial y online,"C. del Poeta Joan Maragall, 60, 2ª planta, Tetuán, 28020 Madrid",+34 674 71 91 40,https://www.cgpsicologia.com/,consulta@cgpsicologia.com,psicologo,Madrid
Tú yo Psicólogos LGTB,"C. de Eguilaz, 6, Bajo Dcha, Chamberí, 28010 Chamberí, Madrid",+34 635 62 54 88,https://tuyopsicologoslgtb.com/psicologo-lgtb-madrid/,info@tuyopsicologos.com,psicologo,Madrid
Psicólogo Manuel López Espino,"C. de Orense, 6, 9º, Tetuán, 28020 Madrid",+34 609 10 35 11,http://www.psicologiamadrid.net/,manuel@psicologiamadrid.net,psicologo,Madrid
Susana del Corral Psicóloga Madrid,"C. de la Buganvilla, 4, Local 2, Chamartín, 28036 Madrid",+34 656 36 25 89,http://terapiapsicologosmadrid.es/,,psicologo,Madrid
Psicología Árbol alto,"C. de Costa Rica, 32, bajo B, Chamartín, 28016 Chamartín, Madrid",+34 667 73 81 89,http://arbolalto.com/,%20contacto@arbolato.com,psicologo,Madrid
Center Psicología Clínica,"C. de Francisco de Rojas, 3, 1º DCHA, Chamberí, 28010 Madrid",+34 914 47 33 35,http://www.centerpsicologia.com/,center@centerpsicologia.com,psicologo,Madrid
"PSICO PSICOLOGÍA, PSICOPEDAGOGÍA Y COACHING","Pl. de la R. Dominicana, 6, BAJO, Chamartín, 28016 Madrid",+34 647 91 01 42,https://www.centropsico.es/eduardo-lazaro/,edulaz@cop.es,psicologo,Madrid
"Psikids : Psicología y psiquiatría para niños, adolescentes y jóvenes","C. del Segre, 7, Chamartín, 28002 Madrid",+34 914 11 10 00,https://psikids.es/?utm_source=google&utm_medium=ficha+el+viso&utm_campaign=clic_ficha+,psikids-pozuelo@psikids.es,psicologo,Madrid
Psicólogos Madrid Cepsim Chamberí,"C. de Cristóbal Bordiú, 10, Chamberí, 28003 Madrid",+34 655 38 43 11,http://www.psicologiamadrid.es/,info@psicologiamadrid.es,psicologo,Madrid
Psicólogo Ansiedad - Carlos Sánchez Polo,"Av. de América, 18, Salamanca, 28028 Madrid",+34 683 36 10 02,https://carlossanchezpolo.com/,,psicologo,Madrid
Antes Tú Psicología,"C. de Orense, 32, planta 1 puerta 4, Tetuán, 28020 Madrid",+34 624 00 25 87,https://antestupsicologia.com/,contacto@antestupsicologia.com,psicologo,Madrid
Vive tu vida psicología,"Calle CHILE, 15, (1 H 28016), 28016 MADRID,, Chamartín, 28016 Madrid",+34 644 46 22 56,http://www.vivetuvida.es/,605a7baede844d278b89dc95ae0a9123@sentry-next.wixpress.com,psicologo,Madrid
Alcea Psicología,"C. de la Reina Mercedes, 5, Tetuán, 28020 Madrid",+34 640 67 08 95,https://alceapsicologia.com/,info@alceapsicologia.com,psicologo,Madrid
Psicología Madrid,"C de Víctor de la Serna, 7, Escalera B, bajo B, Chamartín, 28016 Madrid",+34 722 43 79 74,https://emdr.madrid/,,psicologo,Madrid
Sandra Hernández Psicóloga,"C. de los Madrazo, 28, 1º izquierda, Centro, 28014 Madrid",+34 627 79 90 51,https://sandrahernandezpsicologa.com/,info@sandrahernandezpsicologa.com,psicologo,Madrid
Carolina Alvarez Sicilia Psicoanalista Madrid,"C. de Costa Rica, 8, 3º B, Chamartín, 28016 Madrid",+34 606 13 23 76,https://www.psicoanalitica.com/,carolina.alvarez@psicoanalitica.com,psicologo,Madrid
PsicoLaume - Psicóloga Online Madrid,"C/ de Sánchez Preciado, Moncloa - Aravaca, 28039 Madrid",+34 608 48 58 12,https://www.psicolaume.com/,info@psicolaume.com,psicologo,Madrid
BH Psicología - Psicologos,"C. de San Bernardo, 114, piso 1 D, Chamberí, 28015 Madrid",+34 910 91 88 62,https://bhpsicologia.com/,,psicologo,Madrid
Somos Psicología y Formación - Barrio Salamanca,"Calle de Alcántara, 41, Salamanca, 28006 Madrid",+34 911 66 50 47,https://www.somospsicologos.es/clinica-barrio-salamanca/,info@somospsicologos.es,psicologo,Madrid
Calma | Centro de Psicología Perinatal en Madrid,"C. de Chile, 15, 1º H, Chamartín, 28016 Madrid",+34 913 50 69 19,http://calmaperinatal.es/,info@calmaperinatal.es,psicologo,Madrid
Capital Psicólogos - (El Retiro),"Calle del Dr. Castelo, 31, Bajo D, Retiro, 28009 Madrid",+34 611 15 41 85,https://www.capitalpsicologos.com/?utm_source=gmb&utm_medium=organic,,psicologo,Madrid
El Prado Psicólogos,"C. de Espalter, 3, Retiro, 28014 Retiro, Madrid",+34 914 29 93 13,http://www.elpradopsicologos.es/,info@elpradopsicologos.es,psicologo,Madrid
"Psicóloga María Montes - Psicoterapia en Ciudad Lineal, Quintana, El Carmen, Pueblo Nuevo, La Elipa","C. de Mateo García, 12, Cdad. Lineal, 28017 Madrid",+34 644 06 11 80,https://www.mariamontespsicologa.es/,mariamontespsicoterapia@gmail.com,psicologo,Madrid
Base Psicología | Psicólogas,"C. de María Teresa, 17, 1º B, Salamanca, 28028 Madrid",+34 655 14 41 13,https://basepsicologia.es/,info@basepsicologia.es,psicologo,Madrid
"AF Psicología | Angela de la Fuente | Adultos, pareja, niños y adolescentes","C. de Coslada, 15, Salamanca, 28028 Madrid",+34 620 71 21 97,https://afpsicologia.com/,contacto@afpsicologia.com,psicologo,Madrid
PsicoLink Bernabéu- Tu Psicólogo en Madrid,"C. de la Reina Mercedes, 22, Tetuán, 28020 Madrid",+34 692 86 04 70,http://www.psicolink.es/,nombre@email.com,psicologo,Madrid
Instituto Psicológico Cláritas,"Calle de Zurbano, 98, Chamberí, 28003 Madrid",+34 911 59 09 79,https://institutoclaritas.com/,%20contacto@institutoclaritas.com,psicologo,Madrid
Avance Psicólogos,"C. Alcalá, 165, Salamanca, 28009 Madrid",+34 915 32 76 14,https://www.avancepsicologos.com/centros-psicologia-madrid/psicologos-barrio-salamanca/?utm_source=gsc&utm_medium=gsc-salamanca,info@avancepsicologos.com,psicologo,Madrid
PsicoCore Psicólogos,"C. de Uruguay, Chamartín, 28016 Madrid",+34 659 78 81 19,http://www.psicocore.com/,,psicologo,Madrid
Implica Psicología. Clinica de psicología,"Calle de Zurbano, 76, 1ª planta, oficina 1, Chamberí, 28010 Madrid",+34 623 24 90 70,https://implicapsicologia.com/,info@implicapsicologia.com,psicologo,Madrid
Pragma Psicología Madrid,"Av. de Brasil, 17, 8º E, Tetuán, 28020 Madrid",+34 604 10 88 35,http://www.pragmapsicologia.com/,605a7baede844d278b89dc95ae0a9123@sentry-next.wixpress.com,psicologo,Madrid
