Nombre,Direccion,Telefono,Web,Email,Sector,Ubicacion
Centro Más Psicología,"C. del Olivar, 9, local 4, 28100 Alcobendas, Madrid",+34 687 91 26 76,https://centromaspsicologia.com/,hola@centromaspsicologia.com,psicologos,Madrid
María Dolores Pérez Sánchez Psicólogos en Alcobendas,"Av. de España, 23, 28100 Alcobendas, Madrid",+34 699 89 43 03,http://psiclola.com/,mariadoloresperez@psiclola.com,psicologos,Madrid
Almudena Caro Psicologa en Alcobendas,"Av. de Camilo José Cela, 6, local, 28100 Alcobendas, Madrid",+34 647 50 58 78,http://www.almudenacaropsicologia.com/,,psicologos,Madrid
Ana Díez | Psicóloga en Alcobendas,"C. de Francisco Javier Sauquillo, 3, 28100 Alcobendas, Madrid",+34 644 13 22 76,http://www.anadiezpsicologa.es/,,psicologos,Madrid
VM Psicología,"C. de la Constitución, 121, Bajo 3, 28100 Alcobendas, Madrid",+34 667 32 48 62,http://www.vmpsicologia.es/,info@vmpsicologia.es,psicologos,Madrid
âœ… ğƒğğ¬ğ©ğğ«ğ­ğšğ«ğğ¬ ğğ¬ğ¢ğœğ¨ğ¥ğ¨Ìğ ğ¨ğ¬ ğ€ğ¥ğœğ¨ğ›ğğ§ğğšğ¬ - ğ’ğšğ§ ğ’ğğ›ğšğ¬ğ­ğ¢ğšÌğ§ ğğ ğ¥ğ¨ğ¬ ğ‘ğğ²ğğ¬,"C. del MarquÃ©s de la Valdavia, 42, planta 2, puerta 5, 28100 Alcobendas, Madrid",+34 912 00 89 75,https://www.consultadespertares.es/psicologo-alcobendas/,,psicologos,Madrid
Carmen Mellado Psicología,"Calle del Pintor Murillo, 33, local B, 28100 Alcobendas, Madrid",+34 648 73 38 82,https://psicologoen.com/madrid/alcobendas/carmen-mellado-psicologa-psicologo-en-alcobendas/,,psicologos,Madrid
Paula Echevarria Psicologa en Alcobendas,"P.º de Fuente Lucha, 7, 28100 Alcobendas, Madrid",+34 614 32 02 44,https://paulaechevarriapsicologa.com/,,psicologos,Madrid
Psicóloga Alcobendas. Centro Sanitario de Psicología NVAG. Tratamiento psicológico para adultos.,"Av. del Dr. Severo Ochoa, 11, 28100 Alcobendas, Madrid",+34 912 79 06 63,https://www.nvagpsicologia.com/,info@nvagpsicologia.com,psicologos,Madrid
Psicóloga Pilar Jiménez Pérez. Terapia de pareja. Terapia familiar. Terapia individual Terapia sexual,"C. de Francisco Javier Sauquillo, 3, 28100 Alcobendas, Madrid",+34 686 29 91 35,https://sites.google.com/view/psiclogapilarjimnez/inicio,,psicologos,Madrid
"PsicÃ³loga Ãngeles LÃ³pez, psicologÃ­a y psicoterapia Alcobendas y La Moraleja","Av. de EspaÃ±a, 23, 28100 Alcobendas, Madrid",+34 627 96 81 66,http://www.psicologoenalcobendas.es/,,psicologos,Madrid
Centro Más Psicología,"C. de Juan Ramón Jiménez, 6, local 2, 28100 Alcobendas, Madrid",+34 687 91 26 76,https://www.centromaspsicologia.com/,hola@centromaspsicologia.com,psicologos,Madrid
Clínica Adarma,"Acceso peatonal por el jardín, Cl. de Calderón de la Barca, 6, Local posterior, 28100 Alcobendas, Madrid",+34 696 64 34 84,http://clinicaadarma.com/,,psicologos,Madrid
Psicóloga Veronica Chapouille,"Av. de Bruselas, 7, 28108 Alcobendas, Madrid",+34 613 56 98 42,https://psicologamadridvc.com/,,psicologos,Madrid
Cepae Psicólogos,"C. del Marqués de la Valdavia, 42, 2º-3, 28100 Alcobendas, Madrid",+34 682 67 49 70,https://www.cepae.es/,cepae@cepae.es,psicologos,Madrid
Psicología Ruiz,"Av. de Valdelaparra, 76, local 1, 28108 Alcobendas, Madrid",+34 644 18 35 03,http://psicologiaruiz.es/,,psicologos,Madrid
Your Psico: psicología online en Alcobendas:,"C. de la Suerte, 18, 28100 Alcobendas, Madrid",+34 614 68 22 89,https://sites.google.com/view/yourpsico/home?authuser=3,,psicologos,Madrid
ALFA PSICOLOGIA - Psicólogo en Alcobendas,"Av. de Europa, 19, 3 planta, 28108 Alcobendas, Madrid",+34 609 02 16 93,https://www.psicologoslastablas.com/,,psicologos,Madrid
Crecer y Más,"C. de Menorca, 2, 28100 Alcobendas, Madrid",,http://www.crecerymas.com/,crecerymas.coordinacion@gmail.com,psicologos,Madrid
Laura Rabasco Gómez Psicólogía,"C. de Velarde, 9, 28100 Alcobendas, Madrid",+34 617 53 97 31,http://www.laurarabascopsicologia.com/,j.valle@minor-hotels.com,psicologos,Madrid
Ana Rodríguez Psicología y Desarrollo Personal,"P.º de Valdelasfuentes, 3, 28100 Alcobendas, Madrid",+34 654 44 73 01,https://arpsicologia.com/,Copyright@arpsicologia.com,psicologos,Madrid
Norma Duré Riquelme l Psicólogos en Alcobendas l Centro de Psicología y Terapia,"C. de Manuel de Falla, 12, planta 2, 28100 Alcobendas, Madrid",+34 693 66 68 59,https://normadurepsicologa.com/,,psicologos,Madrid
Caelum Salud y Bienestar,"Av. de Valdelaparra, 76, local 1, 28108 Alcobendas, Madrid",+34 628 33 25 07,http://www.caelumsb.es/,,psicologos,Madrid
Psicología Victoria Esquivias Psicoterapia,"Cl. de Calderón de la Barca, 6, 28100 Alcobendas, Madrid",+34 644 91 16 70,https://www.victoriaesquiviaspsicoterapia.com/,,psicologos,Madrid
Espacio Loft Psicólogos,"Avenida Fuencarral - Alcobendas, Campus Tribeca, Edificio 3, Loft 10, 28108 Alcobendas, Madrid",,,,psicologos,Madrid
Sarama psicología,"C. Arce, 3, 28100 Alcobendas, Madrid",+34 638 49 97 35,http://saramapsicologia.com/,,psicologos,Madrid
Ane Requena Psicóloga,"Av. de Camilo José Cela, 83, 28108 Alcobendas, Madrid",+34 609 36 01 27,https://anerequenapsicologa.com/,,psicologos,Madrid
NeuroDei Psicólogos infantiles y juveniles.,"C. de los Sueños, 5, 28100 Alcobendas, Madrid",+34 684 24 23 77,http://www.neurodei.com/,alcobendas@NeuroDei.com,psicologos,Madrid
Psicologia Quintana Velasco,"C. del Olivar, 28100 Alcobendas, Madrid",+34 622 94 46 23,https://www.psicologiaquintanavelasco.com/es/,,psicologos,Madrid
Psicóloga Lucía Santana - Terapia psicológica en Alcobendas,"Av. de España, 23, 1ª planta, oficina 1, 28100 Alcobendas, Madrid",+34 623 00 31 83,https://www.psicoterapiasendas.es/project/lucia-santana-lopez-psicologa/?fbclid=PAZnRzaANnWBlleHRuA2FlbQIxMQABp-0EDIDgmLYZvrmoC_yp4ezpOGtdB317zkO1RgFe7gjIDx4Un8QFYvdOABh2_aem_j8UbK6y_ZY399sYeh6h8yg,espacioescucha@psicoterapiasendas.es,psicologos,Madrid
Sendas. Psicología y Psiquiatría,"Av. de España, 23, 1º planta, oficina 1, 28100 Alcobendas, Madrid",+34 644 11 84 86,https://www.psicoterapiasendas.es/,espacioescucha@psicoterapiasendas.es,psicologos,Madrid
Grecia de Jesús | Clínica de Psicología en La Moraleja,"C. de la Caléndula, 95, 28109 Alcobendas, Madrid",+34 653 54 02 37,https://www.greciadejesus.com/,info@greciadejesus.com,psicologos,Madrid
"Psicólogos, terapia de pareja en Alcobendas, Savia","C. de Valencia, 133, 2ºB, 28100 Alcobendas, Madrid",+34 914 90 36 47,,,psicologos,Madrid
Psicólogos Anima Sana,"Av. de Navarrondán, 23, local 1, 28702 San Sebastián de los Reyes, Madrid",+34 659 40 19 00,https://www.psicologosanimasana.es/,citas@psicologosanimasana.es,psicologos,Madrid
BUEL Psicología,"P.º de la Chopera, 29, 28100 Alcobendas, Madrid",+34 717 16 50 23,http://www.buelpsicologia.es/,,psicologos,Madrid
27 metas,"C. de Manuel de Falla, 77, 28100 Alcobendas, Madrid",+34 666 07 82 73,http://www.27metas.com/,,psicologos,Madrid
Centro de Psicología Ana C. León,"Av. de los Reyes Católicos, 29, 28701 San Sebastián de los Reyes, Madrid",+34 660 77 86 72,https://analeonpsicologia.com/,,psicologos,Madrid
Inés Gracia psicóloga infantil Alcobendas,"Av. de Camilo José Cela, 6, 28100 Alcobendas, Madrid",+34 647 50 58 78,https://www.psicologainfantilalcobendas.com/,,psicologos,Madrid
Alcanza Psicólogos,"C. de Alonso Zamora Vicente, 11, 28702 San Sebastián de los Reyes, Madrid",+34 613 03 16 93,https://www.alcanzapsicologos.es/,info@alcanzapsicologos.es,psicologos,Madrid
Patricia Psicología educativa,"Más Psicología, C. de Juan Ramón Jiménez, 6, Colaboradora Centro, 28100 Alcobendas, Madrid",+34 678 49 41 51,,,psicologos,Madrid
Psicoevolutivo,"C. de Velarde, 9, 28100 Alcobendas, Madrid",+34 622 90 74 78,https://psicoevolutivo.es/,,psicologos,Madrid
"Neurodei Centro de NeuroDesarrollo Infantil Psicólogos, Neuropsicólogos y Logopedas infantiles","Av. de la Magia, 3, 28100 Alcobendas, Madrid",+34 684 24 23 77,http://www.neurodei.com/,alcobendas@NeuroDei.com,psicologos,Madrid
Centro De Psicología Prevención Y Bienestar,"C. de Manuel de Falla, 34, 28100 Alcobendas, Madrid",+34 685 44 18 89,http://www.psicologiaprevencionybienestar.es/,info@psicologiaprevencionybienestar.es,psicologos,Madrid
Psicología Rocio Ruiz,"C. de Velarde, 9, 28100 Alcobendas, Madrid",+34 644 18 35 03,http://www.psicologiaruiz.es/,,psicologos,Madrid
Psicologo forense Alcobendas Madrid,"Av. de Camilo José Cela, 6, local, 28100 Alcobendas, Madrid",+34 647 50 58 78,http://www.psicologoforensealcobendas.es/,hellomidu@email.com,psicologos,Madrid
Psicotandem,"C. del Marqués de la Valdavia, 42, 28100 Alcobendas, Madrid",+34 638 25 47 65,,,psicologos,Madrid
Psicología más Salud Psicólogos,"Edificio ALDORA, C. de los Sueños, 5, 28100 Alcobendas, Madrid",+34 684 24 23 77,https://psicologiamassalud.com/,,psicologos,Madrid
NeuroPed,"C. de Francisco Chico Mendes, 1, LOCAL 6, 28108 Alcobendas, Madrid",+34 917 04 53 75,http://www.neuroped.es/,info@neuroped.es,psicologos,Madrid
LÓMAR. Centro de Psicología y Logopedia,"Cuesta Blanca, C/ de Cuesta Blanca, 0, Centro Comercial, 28108 Alcobendas, Madrid",+34 916 50 63 46,,,psicologos,Madrid
Lidia Moreno Psicología,"Acceso peatonal por el jardín, Cl. de Calderón de la Barca, 6, Local Posterior, 28100 Alcobendas, Madrid",+34 669 16 86 43,https://lidiamorenopsicologia.com/,,psicologos,Madrid
Centro de Terapia del Lenguaje de Alcobendas,"P.º de la Chopera, 51, 28100 Alcobendas, Madrid",+34 916 61 00 92,http://www.terapiadellenguaje.es/,info@terapiadellenguaje.es,psicologos,Madrid
eduqa Terapias,"C. de la Caléndula, 95, Edificio ""O, 28109 Alcobendas, Madrid",+34 603 27 10 24,http://www.eduqaterapias.es/,,psicologos,Madrid
PsicoEduca,"C. de Manuel de Falla, 4, 28100 Alcobendas, Madrid",+34 621 02 42 77,https://psicoeducalcobendas.es/,,psicologos,Madrid
"Conchi Táboas Viaño, Psicólogo EMDR, psicoterapia Humanista","Av. de España, 23, 1º oficina 1, 28100 Alcobendas, Madrid",+34 681 21 21 94,http://www.einai.es/,,psicologos,Madrid
Vivienne Sarobe - Psicologa,"C. de Daroca, 17, 28108 Alcobendas, Madrid",+34 616 10 80 13,,,psicologos,Madrid
"LOGOGEN (logopedas, psicólogos, neuropsicólogos, fisioterapeutas, dietistas, podólogos, sexólogos, coaching y masajes) también a domicilio","C. de Segovia, 17, 28100 Alcobendas, Madrid",+34 916 62 32 99,https://clinicalogogen.jimdofree.com/,,psicologos,Madrid
AMMA Psicología,"C. de las Acacias, 6, 28703 San Sebastián de los Reyes, Madrid",+34 910 27 52 24,http://www.ammapsicologia.es/,info@ammapsicologia.es,psicologos,Madrid
Habla Psicología Las Tablas - María Martín Gregorio - Psicólogo en Madrid Norte,"Calle de Isabel Colbrand, 10, Fuencarral-El Pardo, 28050 Madrid",+34 624 63 09 18,http://www.hablapsicologia.com/,hola@hablapsicologia.com,psicologos,Madrid
Psicoform360,"C. del Marqués de la Valdavia, 28100 Alcobendas, Madrid",+34 636 55 94 79,http://psicoform360.es/,a.boudrand@minor-hotels.com,psicologos,Madrid
Psicologia Alcobendas,"Av. de Madrid, 67, 28100 Alcobendas, Madrid",+34 696 45 51 77,,,psicologos,Madrid
