Nombre,Direccion,Telefono,Web,Email,Sector,Ubicacion
New House Inmobiliaria,"P.º de la Chopera, 125, 28100 Alcobendas, Madrid",+34 911 79 47 52,http://www.newhouseinmobiliaria.es/,info@newhouseinmobiliaria.es,Inmobiliaria,Alcobendas
APINORTE Inmobiliaria,"C. de la Libertad, 57, LOC, 28100 Alcobendas, Madrid",+34 914 84 01 50,https://apinorteinmobiliaria.es/,apinorte@yahoo.com,Inmobiliaria,Alcobendas
Inmobiliaria Garsan Alcobendas,"Pl. del Sauce, 2, 28100 Alcobendas, Madrid",+34 910 12 34 44,https://www.inmogarsan.es/,info@inmogarsan.es,Inmobiliaria,Alcobendas
Benialsa Gestión Inmobiliaria,"Pl. del Aliso, 5, 28100 Alcobendas, Madrid",+34 671 90 12 50,https://www.facebook.com/benialsanorte/,,Inmobiliaria,Alcobendas
Inmobiliaria Milenium,"C. de Manuel de Falla, 91, 28100 Alcobendas, Madrid",+34 916 52 13 19,http://www.grupo-milenium.com/,m.falla@grupo-milenium.com,Inmobiliaria,Alcobendas
Inmobiliaria Reviale Alcobendas,"C. de Ramón y Cajal, 5, 28100 Alcobendas, Madrid",+34 609 47 59 03,https://reviale.com/,info@reviale.com,Inmobiliaria,Alcobendas
New house inmobiliaria alcobendas centro,"C. de la Constitución, 62, 28100 Alcobendas, Madrid",+34 911 79 47 52,http://www.newhouseinmobiliaria.es/,info@newhouseinmobiliaria.es,Inmobiliaria,Alcobendas
Inmobiliaria Picassa,"C. del Pintor Rosales, 8, LOCAL, 28100 Alcobendas, Madrid",+34 606 67 21 51,http://www.picassa.com/,picassa@picassa.com,Inmobiliaria,Alcobendas
Durán | Gestión Inmobiliaria,"C. del Fuego, 39, 28100 Alcobendas, Madrid",+34 685 99 02 31,,,Inmobiliaria,Alcobendas
Inmobiliarias Encuentro,"C. de la Constitución, 104, 28100 Alcobendas, Madrid",+34 910 46 22 94,https://iencuentro.es/nosotros/red-de-agencias/,almagro@iencuentro.es,Inmobiliaria,Alcobendas
Inmobiliaria Alcobendas Redpiso,"P.º de la Chopera, 29, 28100 Alcobendas, Madrid",+34 911 96 00 11,https://www.redpiso.es/oficina/inmobiliaria-alcobendas/venta,alcobendas@redpiso.es,Inmobiliaria,Alcobendas
Inmobiliaria Milenium,"C. de la Constitución, 101, 28100 Alcobendas, Madrid",+34 916 23 88 44,http://www.grupo-milenium.com/,m.falla@grupo-milenium.com,Inmobiliaria,Alcobendas
Alser Asesores,"P.º de Valdelasfuentes, 8, 28100 Alcobendas, Madrid",+34 673 60 71 18,http://alser-asesores.com/,info@alser-asesores.com,Inmobiliaria,Alcobendas
Inmobiliaria Alcobendas- My Ideal Home,"P.º de Fuente Lucha, 4, local 2, 28100 Alcobendas, Madrid",+34 916 84 54 56,https://myidealhome.es/,info@myidealhome.es,Inmobiliaria,Alcobendas
Madrid al Norte Inmobiliaria,"C. de Ruperto Chapí, 16, 28100 Alcobendas, Madrid",+34 919 19 81 89,http://www.madridalnorte.es/,info@madridalnorte.es,Inmobiliaria,Alcobendas
PROMOVIVIENDA,"C. de la Constitución, 60, 28100 Alcobendas, Madrid",+34 683 67 21 40,http://www.promovivienda.es/,,Inmobiliaria,Alcobendas
Alcohogar,"Av. de España, 72, 28100 Alcobendas, Madrid",+34 685 99 02 30,http://www.alcohogar.com/,,Inmobiliaria,Alcobendas
Inmobiliaria Primer Nivel,"C. de la Constitución, 74, 28100 Alcobendas, Madrid",+34 916 23 71 11,http://www.inmobiliariaprimernivel.es/,hola@inmobiliariaprimernivel.es,Inmobiliaria,Alcobendas
VISTA HOMES,"C. del Gobernador, 5, 28100 Alcobendas, Madrid",+34 910 74 80 88,http://www.vistahomes.es/,info@vistahomes.es,Inmobiliaria,Alcobendas
REMAX OPTIMA - REMAX GRUPO NLS - Inmobiliaria - Alcobendas,"C. del Marqués de la Valdavia, 129, 28100 Alcobendas, Madrid",+34 910 53 07 35,http://www.optima.remax.es/,optima@remax.es,Inmobiliaria,Alcobendas
Awa Properties Madrid,"Av. de la Ermita, 2, 28108 Alcobendas, Madrid",+34 919 38 10 20,https://www.awaproperties.com/,info@awaproperties.com,Inmobiliaria,Alcobendas
"Buena Gestión Inmobiliaria Alcobendas: valoración gratuita, VPO, alquiler seguro, hipotecas, reformas, construcción...","P.º de la Chopera, 309, 28100 Alcobendas, Madrid",+34 910 33 47 16,https://buenagestion.es/,info@buenagestion.wearepleh.com,Inmobiliaria,Alcobendas
Le Clé Inmobiliaria,"P.º de Valdelasfuentes, 3, 28100 Alcobendas, Madrid",+34 916 61 01 67,https://lecle.net/,lecleinmo@gmail.com,Inmobiliaria,Alcobendas
Tecnocasa agencia inmobiliaria,"C. de la Constitución, 48, local dcha, 28100 Alcobendas, Madrid",+34 919 35 45 56,https://alcobendas3.tecnocasa.es/,55ff59f80a0a4d8db647ec265bf5eff9@sentry.medialabtc.it,Inmobiliaria,Alcobendas
Inmobiliaria Hogares en Alcobendas Norte,"Av. de Pablo Iglesias, 6, 28100 Alcobendas, Madrid",+34 652 04 30 58,https://www.hogaresgroup.es/,rivasbellavista@hogaresgroup.es,Inmobiliaria,Alcobendas
Nueva Era Gestión Inmobiliaria,"C. del Marqués de la Valdavia, 123, 28100 Alcobendas, Madrid",+34 914 90 16 01,,,Inmobiliaria,Alcobendas
Inmobiliaria Alcobendas Norte Redpiso,"Av. de Camilo José Cela, 12, local 2, 28100 Alcobendas, Madrid",+34 914 41 19 96,https://www.redpiso.es/oficina/inmobiliaria-alcobendas-norte/venta,alcobendasnorte@redpiso.es,Inmobiliaria,Alcobendas
JM-Gestion Inmobiliaria,"28100 Alcobendas, Madrid",+34 687 29 47 32,,,Inmobiliaria,Alcobendas
Circular Agentes Inmobiliarios,"C. del Marqués de la Valdavia, 121, 28100 Alcobendas, Madrid",+34 910 46 97 01,https://circularinmobiliaria.es/,alcobendas@circularinmobiliaria.es,Inmobiliaria,Alcobendas
Sistema de Inversión Inmobiliaria S.A.,"Pl. del Pueblo, 8, Piso 1º, 28100 Alcobendas, Madrid",+34 916 53 26 22,,,Inmobiliaria,Alcobendas
Tecnocasa agencia inmobiliaria,"C. de la Libertad, 16, local, 28100 Alcobendas, Madrid",+34 911 53 16 07,https://alcobendas1.tecnocasa.es/,55ff59f80a0a4d8db647ec265bf5eff9@sentry.medialabtc.it,Inmobiliaria,Alcobendas
Business Home,"C. del Jarama, 12, 28100 Alcobendas, Madrid",+34 910 34 66 69,http://businesshome.es/,contacto@businesshome.es,Inmobiliaria,Alcobendas
Relocation Madrid Inmobiliaria,"C. de la Dalia, 385, 28109 Alcobendas, Madrid",+34 635 06 71 21,http://relocationmadrid.es/,info@relocationmadrid.es,Inmobiliaria,Alcobendas
Tu Espacio Inmobiliario,"P.º de la Chopera, 47, 28100 Alcobendas, Madrid",+34 660 88 34 06,https://tuespacioinmobiliario.es/,tucorreo@ejemplo.com,Inmobiliaria,Alcobendas
Cornejo Inmuebles,"C. del Fuego, 41, Local C, 28100 Alcobendas, Madrid",+34 912 61 58 85,https://www.inmobiliariaalcobendascornejo.com/,comercial@cornejo-inmuebles.com,Inmobiliaria,Alcobendas
Intecasa Inmobilaria,"C. del Marqués de la Valdavia, 57, 28100 Alcobendas, Madrid",+34 916 62 03 71,https://www.intecasa.net/,info@intecasa.net,Inmobiliaria,Alcobendas
Lara Gestores Taborda S.L,"C. de Calanda, 8, 1, 28100 Alcobendas, Madrid",+34 912 40 59 95,http://www.laragestores.com/,creativinnova83@gmail.com,Inmobiliaria,Alcobendas
Milenium Franquicia Inmobiliaria,"C. de María Moliner, 12, 28702 San Sebastián de los Reyes, Madrid",+34 918 25 02 05,http://www.grupo-milenium.com/,m.falla@grupo-milenium.com,Inmobiliaria,Alcobendas
CENTURY 21 Roraima,"C. del Manzanares, 3, 28100 Alcobendas, Madrid",+34 910 37 51 34,http://www.century21.es/roraima,roraima@century21.es,Inmobiliaria,Alcobendas
REA Inmobiliaria,"Cl. de la Azalea, 1, Edificio F - 1ª Planta, 28109 Alcobendas, Madrid",+34 916 50 89 37,http://www.reainmobiliaria.com/,rea@reamadrid.com,Inmobiliaria,Alcobendas
Inmobiliaria Esencia,"C. de San Andrés, 9, 28100 Alcobendas, Madrid",+34 916 63 69 04,http://www.casasyseguros.com/,info@casasyseguros.com,Inmobiliaria,Alcobendas
GILMAR Consulting Inmobiliario - Inmobiliaria La Moraleja,"Pl. de la Moraleja, 3, 28109 Alcobendas, Madrid",+34 916 50 30 11,https://www.gilmar.es/oficinas/agencia-inmobiliaria-la-moraleja/?utm_source=gmb&utm_medium=cta&utm_campaign=Moraleja,atencion.cliente@gilmar.es,Inmobiliaria,Alcobendas
SUMA Inmobiliaria La Moraleja,"C. de la Estafeta, 2, Portal 1, 1°, Local 3, 28109 Alcobendas, Madrid",+34 910 22 83 09,https://www.sumainmobiliaria.es/oficina/inmobiliaria-lujo-la-moraleja/?utm_source=maps&utm_medium=ficha&utm_id=pagemoraleja,info@sumainmobiliaria.es,Inmobiliaria,Alcobendas
Promora La Moraleja Inmobiliaria de Lujo,"Pl. de la Moraleja, s/n, 28109 Alcobendas, Madrid",+34 916 50 42 42,https://www.promora.com/es/comprar/casas-lujo/moraleja,,Inmobiliaria,Alcobendas
Living La Moraleja,"C. de la Caléndula, 93, 28109 Alcobendas, Madrid",+34 634 48 49 22,http://www.livinglamoraleja.com/,info@livinglamoraleja.com,Inmobiliaria,Alcobendas
Vida con Arte | Inmobiliaria en Madrid,"Av. del Camino de lo Cortao, 6, 28701 San Sebastián de los Reyes, Madrid",+34 660 75 45 25,https://vidaconarte.es/?utm_source=google&utm_medium=gbp,info@vidaconarte.es,Inmobiliaria,Alcobendas
Inmobiliaria Primer Nivel,"C. Real, 73, 28703 San Sebastián de los Reyes, Madrid",+34 915 11 94 46,http://www.inmobiliariaprimernivel.es/,hola@inmobiliariaprimernivel.es,Inmobiliaria,Alcobendas
Imperio Inmobiliario,"Carr. de Fuencarral, 80, 28108 Alcobendas, Madrid",+34 919 61 04 06,https://www.imperioinmobiliario.es/,info@imperioinmobiliario.es,Inmobiliaria,Alcobendas
VIHABIT Servicios Inmobiliarios,"C. de Manuel de Falla, 61, 28100 Alcobendas, Madrid",+34 910 73 53 63,https://www.vihabit.com/,info@vihabit.com.com,Inmobiliaria,Alcobendas
De Salas Inmobiliaria Moraleja,"C. del Camino del Soto, 69, 28109 Alcobendas, Madrid",+34 912 66 00 57,https://desalas.com/,info@desalas.com,Inmobiliaria,Alcobendas
Pisos y Seguros,"Avenida de los Pirineos, 9, C. del Turco, 1, 28703 San Sebastián de los Reyes, Madrid",+34 637 94 66 67,https://www.pisosyseguros.com/,info@pisosyseguros.com,Inmobiliaria,Alcobendas
Tecnocasa agencia inmobiliaria,"P.º de la Chopera, 134, local, 28100 Alcobendas, Madrid",+34 624 27 61 55,https://alcobendas4.tecnocasa.es/,55ff59f80a0a4d8db647ec265bf5eff9@sentry.medialabtc.it,Inmobiliaria,Alcobendas
HOUX | Inmobiliaria de alto standing,"Av. de Bruselas, 7, 28108 Alcobendas, Madrid",+34 618 64 11 23,https://houx.es/,info@houx.es,Inmobiliaria,Alcobendas
"Veralsa Inmobiliaria San Sebastián de los Reyes: hipotecas, VPO, alquiler seguro, herencias, tasación gratuita, reformas","Av. Valdelasfuentes, 13, 28701 San Sebastián de los Reyes, Madrid",+34 914 18 32 13,https://veralsainmobiliaria.com/,,Inmobiliaria,Alcobendas
BeeHome Real Estate,"Av. de Valdelaparra, 27, Edificio 2 Planta 2 Oficina 16, 28108 Alcobendas, Madrid",+34 918 31 18 19,https://www.beehome.es/,info@beehome.es,Inmobiliaria,Alcobendas
El Encinar del Norte S.A.U.,"C. Cam. del Cura, 233, 28109 Alcobendas, Madrid",+34 916 50 15 95,http://www.elencinar.es/,comercial@elencinar.es,Inmobiliaria,Alcobendas
Gelma Jiménez,"C. de la Constitución, 84, 28100 Alcobendas, Madrid",+34 916 63 62 76,https://gelmajimenez.es/,administracion@gelmajimenez.es,Inmobiliaria,Alcobendas
SotoMora Inmobiliaria / Real Estate La Moraleja,"Centro Comercial El Encinar de los Reyes, La Moraleja, 28109 Alcobendas, Madrid",+34 915 55 45 83,https://www.sotomora.com/,info@sotomora.com,Inmobiliaria,Alcobendas
Desarrollo Inmobiliario Alcobendas,"C. de la Libertad, 22, 28100 Alcobendas, Madrid",,,,Inmobiliaria,Alcobendas
Solvia Store Alcobendas,"P.º de la Chopera, 107, 28100 Alcobendas, Madrid",+34 911 03 32 30,https://solvia.es/,comercial@solvia.es,Inmobiliaria,Alcobendas
